brand,model,year_from,year_to,country,is_popular
Acura,CDX,2016,2022,Japan,0
Acura,CL,1998,2003,Japan,0
Acura,EL,1997,2005,Japan,0
Acura,ILX,2012,2022,Japan,0
Acura,Integra,1995,2025,Japan,0
Acura,MDX,2001,2025,Japan,0
Acura,NSX,2001,2025,Japan,0
Acura,RDX,2006,2025,Japan,0
Acura,RL,1995,2012,Japan,0
Acura,RLX,2013,2021,Japan,0
Acura,RSX,2002,2006,Japan,0
Acura,TL,1999,2014,Japan,0
Acura,TLX,2014,2025,Japan,0
Acura,TLX-L,2018,2021,Japan,0
Acura,TSX,2003,2014,Japan,0
Acura,ZDX,2010,2013,Japan,0
"Alfa Romeo",146,1994,2001,Italy,0
"Alfa Romeo",147,1998,2010,Italy,0
"Alfa Romeo","147 GTA",2002,2010,Italy,0
"Alfa Romeo",156,1997,2007,Italy,0
"Alfa Romeo","156 GTA",2002,2007,Italy,0
"Alfa Romeo",159,2005,2011,Italy,0
"Alfa Romeo",166,1998,2007,Italy,0
"Alfa Romeo",4C,2013,2020,Italy,0
"Alfa Romeo","8C Competizione",2008,2010,Italy,0
"Alfa Romeo",Brera,2005,2010,Italy,0
"Alfa Romeo",Giulia,2016,2025,Italy,0
"Alfa Romeo",Giulietta,2010,2021,Italy,0
"Alfa Romeo",GT,2003,2020,Italy,0
"Alfa Romeo",GTV,1995,2006,Italy,0
"Alfa Romeo",MiTo,2008,2018,Italy,0
"Alfa Romeo",Spider,1998,2010,Italy,0
"Alfa Romeo",Stelvio,2017,2025,Italy,0
"Alfa Romeo",Tonale,2022,2025,Italy,0
"Aston Martin",Cygnet,2011,2013,UK,0
"Aston Martin",DB11,2016,2025,UK,0
"Aston Martin",DB12,2023,2025,UK,0
"Aston Martin",DB9,2004,2016,UK,0
"Aston Martin",DBS,2003,2012,UK,0
"Aston Martin","DBS 770 Ultimate",2023,2025,UK,0
"Aston Martin","DBS Superleggera",2018,2025,UK,0
"Aston Martin","DBS Violante",2007,2012,UK,0
"Aston Martin",DBX,2020,2025,UK,0
"Aston Martin",Rapide,2010,2019,UK,0
"Aston Martin","V12 Vanquish",2001,2008,UK,0
"Aston Martin","V12 Vantage",2010,2025,UK,0
"Aston Martin","V8 Vantage",2005,2007,UK,0
"Aston Martin",Valkyrie,2019,2020,UK,0
"Aston Martin",Valour,2023,2025,UK,0
"Aston Martin",Vanquish,2011,2018,UK,0
"Aston Martin",Vantage,2018,2025,UK,0
"Aston Martin",Virage,2011,2012,UK,0
"Aston Martin","Zagato Coupe",2016,2016,UK,0
Audi,A1,2010,2025,Germany,1
Audi,"A1 Allstreet",2022,2025,Germany,1
Audi,"A1 Citycarver",2019,2022,Germany,1
Audi,A2,2000,2006,Germany,1
Audi,A3,1996,2025,Germany,1
Audi,"A3 Allstreet",2024,2025,Germany,1
Audi,A4,1995,2025,Germany,1
Audi,"A4 Allroad Quattro",2009,2025,Germany,1
Audi,A5,2007,2025,Germany,1
Audi,A6,1998,2025,Germany,1
Audi,A7,2010,2025,Germany,1
Audi,A8,1994,2025,Germany,1
Audi,Allroad,2000,2011,Germany,1
Audi,e-tron,2019,2025,Germany,1
Audi,"e-tron GT",2020,2025,Germany,1
Audi,"e-tron S",2020,2025,Germany,1
Audi,"e-tron S Sportback",2020,2025,Germany,1
Audi,"e-tron Sportback",2020,2025,Germany,1
Audi,Q2,2016,2025,Germany,1
Audi,Q2L,2019,2025,Germany,1
Audi,Q3,2011,2025,Germany,1
Audi,"Q3 Sportback",2019,2025,Germany,1
Audi,Q4,2021,2025,Germany,1
Audi,"Q4 Sportback",2022,2025,Germany,1
Audi,Q5,2008,2025,Germany,1
Audi,"Q5 Sportback",2021,2025,Germany,1
Audi,Q6,2022,2025,Germany,1
Audi,"Q6 e-tron",2024,2025,Germany,1
Audi,Q7,2006,2025,Germany,1
Audi,Q8,2018,2025,Germany,1
Audi,"Q8 e-tron",2023,2025,Germany,1
Audi,"Q8 Sportback e-tron",2023,2025,Germany,1
Audi,R8,2006,2025,Germany,1
Audi,"RS e-tron GT",2021,2025,Germany,1
Audi,"RS Q3",2012,2025,Germany,1
Audi,"RS Q3 Sportback",2019,2025,Germany,1
Audi,"RS Q7",0,2025,Germany,1
Audi,"RS Q8",2019,2025,Germany,1
Audi,RS3,2011,2025,Germany,1
Audi,RS4,2005,2025,Germany,1
Audi,RS5,2010,2025,Germany,1
Audi,RS6,2002,2025,Germany,1
Audi,RS7,2013,2025,Germany,1
Audi,"S e-tron GT",2024,2025,Germany,1
Audi,S1,2014,2018,Germany,1
Audi,S3,2006,2025,Germany,1
Audi,S4,2003,2025,Germany,1
Audi,S5,2007,2025,Germany,1
Audi,S6,1999,2025,Germany,1
Audi,S7,2012,2025,Germany,1
Audi,S8,1996,2025,Germany,1
Audi,SQ2,2019,2025,Germany,1
Audi,SQ5,2012,2025,Germany,1
Audi,"SQ5 Sportback",2021,2025,Germany,1
Audi,"SQ6 e-tron",2024,2025,Germany,1
Audi,SQ7,2016,2025,Germany,1
Audi,SQ8,2019,2025,Germany,1
Audi,"SQ8 e-tron",2023,2025,Germany,1
Audi,"SQ8 Sportback e-tron",2023,2025,Germany,1
Audi,TT,1998,2025,Germany,1
Audi,"TT RS",2008,2025,Germany,1
Audi,TTS,2008,2025,Germany,1
Aurus,Senat,2021,2025,Other,0
Avatr,11,2022,2025,Other,0
Avatr,12,2023,2025,Other,0
BAIC,BJ40,2021,2025,Other,0
BAIC,"BJ40 Plus",2018,2025,Other,0
BAIC,"U5 Plus",2021,2025,Other,0
BAIC,X35,2020,2025,Other,0
BAIC,X55,2020,2025,Other,0
Bentley,Arnage,1999,2007,UK,0
Bentley,Azure,1999,2009,UK,0
Bentley,Bentayga,2015,2025,UK,0
Bentley,Brooklands,2008,2011,UK,0
Bentley,Continental,2003,2020,UK,0
Bentley,"Continental Flying Spur",2005,2013,UK,0
Bentley,"Continental GT",2011,2025,UK,0
Bentley,"Continental GTC",2011,2025,UK,0
Bentley,"Flying Spur",2013,2025,UK,0
Bentley,Mulsanne,2010,2020,UK,0
BMW,"1 series",2004,2025,Germany,1
BMW,"2 series",2013,2025,Germany,1
BMW,"3 series",1982,2025,Germany,1
BMW,"4 series",2013,2025,Germany,1
BMW,"5 series",1988,2025,Germany,1
BMW,"6 series",2004,2025,Germany,1
BMW,"7 series",1995,2025,Germany,1
BMW,"8 series",1990,2025,Germany,1
BMW,i3,2013,2025,Germany,1
BMW,i4,2021,2025,Germany,1
BMW,i5,2023,2025,Germany,1
BMW,i7,2022,2025,Germany,1
BMW,i8,2014,2020,Germany,1
BMW,iX,2021,2025,Germany,1
BMW,iX1,2022,2025,Germany,1
BMW,iX2,2024,2025,Germany,1
BMW,iX3,2020,2025,Germany,1
BMW,M2,2015,2025,Germany,1
BMW,M3,1992,2025,Germany,1
BMW,M4,2012,2025,Germany,1
BMW,M5,1998,2025,Germany,1
BMW,M6,2005,2025,Germany,1
BMW,M8,2019,2025,Germany,1
BMW,X1,2009,2025,Germany,1
BMW,X2,2017,2025,Germany,1
BMW,X3,2004,2025,Germany,1
BMW,"X3 M",2019,2025,Germany,1
BMW,X4,2014,2025,Germany,1
BMW,"X4 M",2019,2025,Germany,1
BMW,X5,2000,2025,Germany,1
BMW,"X5 M",2009,2025,Germany,1
BMW,X6,2008,2025,Germany,1
BMW,"X6 M",2009,2025,Germany,1
BMW,X7,2018,2025,Germany,1
BMW,XM,2023,2025,Germany,1
BMW,Z3,1996,2003,Germany,1
BMW,Z4,2002,2025,Germany,1
BMW,Z8,2000,2006,Germany,1
Brilliance,H230,2012,2019,Other,0
Brilliance,V3,2014,2020,Other,0
Brilliance,V5,2011,2020,Other,0
Bugatti,Chiron,2015,2022,France,0
Bugatti,Divo,2019,2021,France,0
Bugatti,Veyron,2005,2015,France,0
Bugatti,"W16 Mistral",2022,2025,France,0
Buick,Century,1997,2005,USA,0
Buick,Enclave,2007,2025,USA,0
Buick,Encore,2020,2025,USA,0
Buick,Envision,2014,2025,USA,0
Buick,"GL8 ES",2021,2025,USA,0
Buick,"La Crosse",2004,2016,USA,0
Buick,LaCrosse,2016,2025,USA,0
Buick,"Le Sabre",1999,2005,USA,0
Buick,Lucerne,2005,2011,USA,0
Buick,"Park Avenue",1996,2012,USA,0
Buick,Rainier,2003,2007,USA,0
Buick,Regal,2009,2025,USA,0
Buick,Rendezvouz,2001,2007,USA,0
Buick,Terraza,2005,2007,USA,0
Buick,Verano,2012,2016,USA,0
BYD,Dolphin,2021,2025,China,0
BYD,"Dolphin Plus",2023,2025,China,0
BYD,Han,2022,2025,China,0
BYD,Qin,2014,2020,China,0
BYD,Seal,2022,2025,China,0
Cadillac,ATS,2012,2019,USA,0
Cadillac,ATS-V,2016,2019,USA,0
Cadillac,BLS,2006,2010,USA,0
Cadillac,CT4,2020,2025,USA,0
Cadillac,CT4-V,2020,2025,USA,0
Cadillac,CT5,2019,2025,USA,0
Cadillac,CT5-V,2020,2025,USA,0
Cadillac,CT6,2016,2025,USA,0
Cadillac,CTS,2002,2019,USA,0
Cadillac,"De Ville",2000,2005,USA,0
Cadillac,DTS,2006,2011,USA,0
Cadillac,Eldorado,1992,2002,USA,0
Cadillac,ELR,2013,2016,USA,0
Cadillac,Escalade,2002,2025,USA,0
Cadillac,Lyriq,2023,2025,USA,0
Cadillac,Seville,1998,2004,USA,0
Cadillac,SRX,2004,2016,USA,0
Cadillac,STS,2004,2012,USA,0
Cadillac,XLR,2003,2009,USA,0
Cadillac,XT4,2018,2025,USA,0
Cadillac,XT5,2016,2025,USA,0
Cadillac,XT6,2019,2025,USA,0
Cadillac,XTS,2012,2019,USA,0
Changan,Alsvin,2018,2025,Other,0
Changan,CS35,2012,2021,Other,0
Changan,"CS35 Plus",2018,2025,Other,0
Changan,CS55,2017,2025,Other,0
Changan,"CS55 Plus",2019,2025,Other,0
Changan,CS75,2013,2025,Other,0
Changan,"CS75 Plus",2019,2025,Other,0
Changan,"CS85 Coupe",2019,2025,Other,0
Changan,CS95,2017,2025,Other,0
Changan,Eado,2011,2025,Other,0
Changan,"Eado Plus",2020,2025,Other,0
Changan,"Hunter Plus",2023,2025,Other,0
Changan,Lamore,2023,2025,Other,0
Changan,Raeton,2013,2017,Other,0
Changan,"Raeton CC",2017,2025,Other,0
Changan,"Raeton Plus",2021,2025,Other,0
Changan,Uni-K,2021,2025,Other,0
Changan,Uni-T,2020,2025,Other,0
Changan,Uni-V,2021,2025,Other,0
Chery,Amulet,2003,2010,China,0
Chery,"Arrizo 5 Plus",2021,2025,China,0
Chery,"Arrizo 6",2021,2025,China,0
Chery,"Arrizo 6 Pro",2021,2025,China,0
Chery,"Arrizo 7",2013,2020,China,0
Chery,"Arrizo 8",2022,2025,China,0
Chery,Bonus,2011,2016,China,0
Chery,"Bonus 3",2013,2016,China,0
Chery,CrossEastar,2006,2015,China,0
Chery,Eastar,2003,2015,China,0
Chery,eQ,2015,2020,China,0
Chery,eQ1,2017,2021,China,0
Chery,eQ5,2020,2025,China,0
Chery,eQ7,2023,2025,China,0
Chery,Fora,2006,2010,China,0
Chery,iCar,2022,2025,China,0
Chery,IndiS,2011,2016,China,0
Chery,Kimo,2008,2025,China,0
Chery,M11,2008,2017,China,0
Chery,"Omoda 5",2022,2025,China,0
Chery,QQ,2003,2025,China,0
Chery,QQ3,2003,2018,China,0
Chery,QQ6,2006,2010,China,0
Chery,Tiggo,2006,2016,China,0
Chery,"Tiggo 2",2017,2025,China,0
Chery,"Tiggo 2 Pro",2020,2025,China,0
Chery,"Tiggo 3",2014,2025,China,0
Chery,"Tiggo 4",2017,2025,China,0
Chery,"Tiggo 4 Pro",2021,2025,China,0
Chery,"Tiggo 5",2014,2025,China,0
Chery,"Tiggo 7",2016,2025,China,0
Chery,"Tiggo 7 Pro",2020,2025,China,0
Chery,"Tiggo 7 Pro Max",2023,2025,China,0
Chery,"Tiggo 8",2018,2025,China,0
Chery,"Tiggo 8 Plus",2020,2025,China,0
Chery,"Tiggo 8 Pro",2021,2025,China,0
Chery,"Tiggo 8 Pro Max",2021,2025,China,0
Chery,"Tiggo 9",2023,2025,China,0
Chery,"Tiggo e",2019,2021,China,0
Chery,Very,2011,2016,China,0
Chevrolet,Astro,1995,2005,USA,1
Chevrolet,Avalanche,2002,2013,USA,1
Chevrolet,Aveo,2004,2020,USA,1
Chevrolet,Beat,2010,2022,USA,1
Chevrolet,Blazer,1994,2005,USA,1
Chevrolet,Bolt,2017,2025,USA,1
Chevrolet,"Bolt EUV",2021,2025,USA,1
Chevrolet,Camaro,1998,2025,USA,1
Chevrolet,Captiva,2006,2018,USA,1
Chevrolet,Cavalier,1995,2005,USA,1
Chevrolet,Cobalt,2005,2025,USA,1
Chevrolet,Colorado,2004,2025,USA,1
Chevrolet,Corvette,2005,2025,USA,1
Chevrolet,Cruze,2009,2025,USA,1
Chevrolet,Epica,2006,2012,USA,1
Chevrolet,Equinox,2005,2025,USA,1
Chevrolet,Express,2003,2025,USA,1
Chevrolet,HHR,2006,2011,USA,1
Chevrolet,Impala,2006,2020,USA,1
Chevrolet,Lacetti,2002,2012,USA,1
Chevrolet,Lanos,1997,2012,USA,1
Chevrolet,Malibu,2004,2025,USA,1
Chevrolet,"Monte Carlo",2005,2007,USA,1
Chevrolet,Niva,2002,2020,USA,1
Chevrolet,Orlando,2011,2018,USA,1
Chevrolet,Rezzo,2000,2012,USA,1
Chevrolet,Silverado,1999,2025,USA,1
Chevrolet,"Silverado 1500",1999,2025,USA,1
Chevrolet,"Silverado 2500 HD",2001,2025,USA,1
Chevrolet,Spark,2005,2025,USA,1
Chevrolet,SSR,2003,2006,USA,1
Chevrolet,Suburban,2001,2025,USA,1
Chevrolet,Tahoe,2000,2025,USA,1
Chevrolet,TrailBlazer,2002,2025,USA,1
Chevrolet,Traverse,2009,2025,USA,1
Chevrolet,Trax,2013,2025,USA,1
Chevrolet,Uplander,2005,2009,USA,1
Chevrolet,Venture,1996,2005,USA,1
Chrysler,200,2010,2017,USA,0
Chrysler,300,2004,2025,USA,0
Chrysler,300M,1998,2004,USA,0
Chrysler,Aspen,2006,2009,USA,0
Chrysler,Concorde,1998,2004,USA,0
Chrysler,Crossfire,2003,2007,USA,0
Chrysler,"Grand Caravan",2021,2025,USA,0
Chrysler,"Grand Voyager",2008,2015,USA,0
Chrysler,Pacifica,2004,2025,USA,0
Chrysler,"PT Cruiser",2000,2010,USA,0
Chrysler,Sebring,2000,2010,USA,0
Chrysler,"Town & Country",2008,2016,USA,0
Chrysler,Voyager,1995,2022,USA,0
Citroen,Berlingo,1996,2025,France,0
Citroen,C-Crosser,2007,2012,France,0
Citroen,C-Elysee,2012,2020,France,0
Citroen,C1,2005,2022,France,0
Citroen,C2,2003,2009,France,0
Citroen,C3,2002,2025,France,0
Citroen,"C3 Aircross",2017,2025,France,0
Citroen,"C3 Picasso",2009,2017,France,0
Citroen,"C3 Pluriel",2003,2010,France,0
Citroen,C4,2004,2025,France,0
Citroen,"C4 Aircross",2012,2017,France,0
Citroen,"C4 Cactus",2014,2025,France,0
Citroen,"C4 Picasso",2006,2021,France,0
Citroen,"C4 SpaceTourer",2018,2021,France,0
Citroen,"C4 X",2022,2025,France,0
Citroen,C5,2001,2025,France,0
Citroen,"C5 Aircross",2017,2025,France,0
Citroen,"C5 X",2021,2025,France,0
Citroen,C6,2004,2012,France,0
Citroen,C8,2002,2014,France,0
Citroen,"DS 7 Crossback",2018,2025,France,0
Citroen,"DS 9",2020,2025,France,0
Citroen,DS3,2009,2019,France,0
Citroen,DS4,2010,2018,France,0
Citroen,DS5,2011,2018,France,0
Citroen,"Grand C4 Picasso",2006,2021,France,0
Citroen,"Grand C4 SpaceTourer",2018,2022,France,0
Citroen,Jumper,2014,2025,France,0
Citroen,Jumpy,2007,2016,France,0
Citroen,Nemo,2008,2018,France,0
Citroen,Saxo,1996,2004,France,0
Citroen,Spacetourer,2016,2025,France,0
Citroen,Xsara,1997,2006,France,0
Citroen,"Xsara Picasso",1999,2012,France,0
Dacia,Dokker,2012,2021,Other,0
Dacia,Jogger,2021,2025,Other,0
Dacia,Lodgy,2012,2022,Other,0
Dacia,Solenza,2003,2005,Other,0
Dacia,Spring,2021,2025,Other,0
Dacia,SupeRNova,2000,2003,Other,0
Daewoo,Evanda,2002,2007,"South Korea",0
Daewoo,Kalos,2002,2007,"South Korea",0
Daewoo,Leganza,1997,2002,"South Korea",0
Daewoo,Magnus,2000,2006,"South Korea",0
Daewoo,Matiz,2000,2015,"South Korea",0
Daewoo,Nexia,1995,2016,"South Korea",0
Daewoo,Nubira,1997,2008,"South Korea",0
Daihatsu,Applause,1997,2000,Other,0
Daihatsu,Cast,2015,2023,Other,0
Daihatsu,Copen,2002,2025,Other,0
Daihatsu,Cuore,2003,2011,Other,0
Daihatsu,"Gran Move",1996,2002,Other,0
Daihatsu,Luxio,2009,2025,Other,0
Daihatsu,Materia,2006,2012,Other,0
Daihatsu,Mebius,2013,2021,Other,0
Daihatsu,Move,2014,2025,Other,0
Daihatsu,Rocky,2019,2025,Other,0
Daihatsu,Sirion,1998,2004,Other,0
Daihatsu,Terios,1997,2017,Other,0
Daihatsu,Trevis,2006,2011,Other,0
Daihatsu,YRV,2000,2005,Other,0
Datsun,mi-DO,2014,2021,Other,0
Datsun,on-DO,2014,2021,Other,0
Dodge,Avenger,1994,2025,USA,0
Dodge,Caliber,2006,2012,USA,0
Dodge,"Caliber SRT4",2007,2010,USA,0
Dodge,Caravan,1995,2016,USA,0
Dodge,Challenger,2008,2025,USA,0
Dodge,Charger,2006,2025,USA,0
Dodge,Dakota,2005,2011,USA,0
Dodge,Dart,2012,2017,USA,0
Dodge,Durango,1998,2025,USA,0
Dodge,Hornet,2023,2025,USA,0
Dodge,Intrepid,1998,2004,USA,0
Dodge,Journey,2008,2020,USA,0
Dodge,Magnum,2004,2008,USA,0
Dodge,Neon,2000,2020,USA,0
Dodge,Nitro,2007,2012,USA,0
Dodge,"Ram 1500",2001,2025,USA,0
Dodge,"Ram 2500",2002,2025,USA,0
Dodge,"Ram 3500",2002,2025,USA,0
Dodge,"Ram SRT10",2004,2007,USA,0
Dodge,Stratus,2001,2006,USA,0
Dodge,Viper,1996,2017,USA,0
Dongfeng,580,2016,2025,Other,0
Dongfeng,A30,2014,2017,Other,0
Dongfeng,"Aeolus AX7",2022,2025,Other,0
Dongfeng,"Aeolus Yixuan MAX",2021,2025,Other,0
Dongfeng,AX7,2014,2020,Other,0
Dongfeng,"Fengon 5",2020,2025,Other,0
Dongfeng,"Fengon 7",2020,2025,Other,0
Dongfeng,"H30 Cross",2013,2018,Other,0
Dongfeng,"Rich 6",2018,2025,Other,0
Exeed,TXL,2019,2025,Other,0
Exeed,VX,2020,2025,Other,0
FAW,"Bestune B70",2020,2025,Other,0
FAW,"Bestune T55",2021,2025,Other,0
FAW,"Bestune T77",2019,2025,Other,0
FAW,"Bestune T99",2020,2025,Other,0
FAW,"Besturn B30",2016,2020,Other,0
FAW,"Besturn B50",2009,2016,Other,0
FAW,"Besturn X40",2017,2025,Other,0
FAW,"Besturn X80",2014,2025,Other,0
FAW,Oley,2012,2018,Other,0
FAW,Vita,2006,2012,Other,0
Ferrari,296,2022,2025,Italy,0
Ferrari,348,1993,1995,Italy,0
Ferrari,360,1999,2005,Italy,0
Ferrari,456,1992,2003,Italy,0
Ferrari,458,2009,2016,Italy,0
Ferrari,488,2015,2020,Italy,0
Ferrari,512,1991,2004,Italy,0
Ferrari,550,1996,2002,Italy,0
Ferrari,"575 M",2002,2006,Italy,0
Ferrari,"599 GTB Fiorano",2006,2012,Italy,0
Ferrari,"599 GTO",2010,2012,Italy,0
Ferrari,612,2004,2011,Italy,0
Ferrari,812,2017,2025,Italy,0
Ferrari,California,2008,2014,Italy,0
Ferrari,"California T",2014,2017,Italy,0
Ferrari,"Challenge Stradale",2003,2003,Italy,0
Ferrari,Enzo,2002,2004,Italy,0
Ferrari,F12,2012,2017,Italy,0
Ferrari,F355,1994,1999,Italy,0
Ferrari,F430,2004,2010,Italy,0
Ferrari,F50,1995,1997,Italy,0
Ferrari,"F512 M",1994,1996,Italy,0
Ferrari,"F8 Spider",2019,2023,Italy,0
Ferrari,"F8 Tributo",2019,2023,Italy,0
Ferrari,FF,2011,2017,Italy,0
Ferrari,"GTC4 Lusso",2016,2020,Italy,0
Ferrari,LaFerrari,2013,2015,Italy,0
Ferrari,Portofino,2017,2021,Italy,0
Ferrari,"Portofino M",2020,2025,Italy,0
Ferrari,Roma,2020,2025,Italy,0
Ferrari,"SF90 Spider",2020,2025,Italy,0
Ferrari,"SF90 Stradale",2019,2025,Italy,0
Fiat,"124 Spider",2015,2020,Italy,0
Fiat,500,2007,2025,Italy,0
Fiat,500L,2012,2022,Italy,0
Fiat,500X,2014,2025,Italy,0
Fiat,600e,2023,2025,Italy,0
Fiat,695,2023,2025,Italy,0
Fiat,Albea,2002,2012,Italy,0
Fiat,Argo,2017,2025,Italy,0
Fiat,Brava,1995,2003,Italy,0
Fiat,Bravo,1995,2016,Italy,0
Fiat,Coupe,1993,2009,Italy,0
Fiat,Croma,2005,2011,Italy,0
Fiat,Doblo,2001,2025,Italy,0
Fiat,Ducato,2006,2025,Italy,0
Fiat,E-Doblo,2022,2025,Italy,0
Fiat,E-Ulysse,2022,2025,Italy,0
Fiat,Egea,2015,2025,Italy,0
Fiat,Freemont,2011,2016,Italy,0
Fiat,"Grande Punto",2005,2009,Italy,0
Fiat,Idea,2004,2016,Italy,0
Fiat,Linea,2007,2015,Italy,0
Fiat,Marea,1996,2006,Italy,0
Fiat,Multipla,1998,2010,Italy,0
Fiat,Palio,1996,2017,Italy,0
Fiat,Panda,2003,2025,Italy,0
Fiat,"Panda 4x4",2003,2012,Italy,0
Fiat,"Panda Cross",2014,2025,Italy,0
Fiat,Pulse,2021,2025,Italy,0
Fiat,Punto,1999,2018,Italy,0
Fiat,Qubo,2008,2021,Italy,0
Fiat,Sedici,2005,2014,Italy,0
Fiat,Siena,2014,2021,Italy,0
Fiat,Stilo,2001,2010,Italy,0
Fiat,Strada,2014,2025,Italy,0
Fiat,Tipo,2015,2025,Italy,0
Fiat,Ulysse,2002,2010,Italy,0
Fisker,Karma,2011,2012,Other,0
Ford,B-Max,2012,2017,USA,1
Ford,Bronco,2021,2025,USA,1
Ford,"Bronco Sport",2021,2025,USA,1
Ford,C-Max,2003,2019,USA,1
Ford,Cougar,1998,2004,USA,1
Ford,"Crown Victoria",1999,2011,USA,1
Ford,EcoSport,2003,2025,USA,1
Ford,Edge,2007,2025,USA,1
Ford,Endura,2018,2021,USA,1
Ford,Equator,2021,2025,USA,1
Ford,Escape,2001,2025,USA,1
Ford,Excursion,1999,2005,USA,1
Ford,Expedition,1998,2025,USA,1
Ford,Explorer,1995,2025,USA,1
Ford,"Explorer Sport Trac",2007,2010,USA,1
Ford,F-150,1992,2025,USA,1
Ford,"F-150 Lightning",2022,2025,USA,1
Ford,F-250,2011,2025,USA,1
Ford,F-350,2017,2025,USA,1
Ford,Falcon,2005,2025,USA,1
Ford,Fiesta,2002,2025,USA,1
Ford,"Fiesta Active",2018,2025,USA,1
Ford,"Five Hundred",2005,2007,USA,1
Ford,Flex,2008,2019,USA,1
Ford,Focus,1998,2025,USA,1
Ford,"Focus Active",2018,2025,USA,1
Ford,"Focus Electric",2012,2018,USA,1
Ford,Freestar,2003,2009,USA,1
Ford,Freestyle,2004,2007,USA,1
Ford,Fusion,2002,2012,USA,1
Ford,Galaxy,1995,2025,USA,1
Ford,Ka,2003,2021,USA,1
Ford,Kuga,2008,2025,USA,1
Ford,Maverick,1992,2009,USA,1
Ford,Mondeo,2000,2025,USA,1
Ford,Mustang,1995,2025,USA,1
Ford,"Mustang Mach-E",2020,2025,USA,1
Ford,"Mustang Shelby GT350",2016,2025,USA,1
Ford,"Mustang Shelby GT500",2020,2025,USA,1
Ford,Puma,1997,2025,USA,1
Ford,Ranger,2006,2025,USA,1
Ford,S-Max,2006,2025,USA,1
Ford,Taurus,2000,2025,USA,1
Ford,"Taurus X",2007,2009,USA,1
Ford,Thunderbird,2000,2006,USA,1
Ford,"Tourneo Connect",2002,2025,USA,1
Ford,Transit,2001,2025,USA,1
Ford,"Transit Connect",2002,2025,USA,1
Foton,Sauvana,2015,2020,Other,0
Foton,"Tunland G7",2019,2025,Other,0
GAC,GM8,2018,2023,Other,0
GAC,GN8,2020,2025,Other,0
GAC,GS5,2011,2025,Other,0
GAC,GS8,2017,2025,Other,0
GAZ,3102,1997,2009,Other,0
GAZ,31105,1997,2009,Other,0
GAZ,Gazelle,1994,2010,Other,0
GAZ,"Gazelle Business",2010,2025,Other,0
GAZ,"Gazelle Next",2013,2025,Other,0
GAZ,"Gazelle NN",2019,2025,Other,0
GAZ,"Gazelle Sity",2020,2025,Other,0
GAZ,Siber,2008,2010,Other,0
GAZ,Sobol,2002,2025,Other,0
GAZ,"Sobol NN",2023,2025,Other,0
Geely,Atlas,2017,2025,China,0
Geely,"Atlas Pro",2021,2025,China,0
Geely,Azkarra,2019,2025,China,0
Geely,"Belgee X50",2023,2025,China,0
Geely,Coolray,2018,2025,China,0
Geely,Emgrand,2021,2025,China,0
Geely,"Emgrand 7",2016,2022,China,0
Geely,"Emgrand EC7",2009,2017,China,0
Geely,"Emgrand GS",2016,2022,China,0
Geely,"Emgrand GSe",2018,2022,China,0
Geely,"Emgrand X7",2011,2021,China,0
Geely,GC9,2015,2019,China,0
Geely,"Geometry C",2019,2025,China,0
Geely,GС6,2014,2016,China,0
Geely,MK,2008,2019,China,0
Geely,Monjaro,2021,2025,China,0
Geely,Okavango,2020,2025,China,0
Geely,Otaka,2006,2009,China,0
Geely,Preface,2020,2025,China,0
Geely,Tugella,2019,2025,China,0
Geely,Vision,2006,2013,China,0
Genesis,G70,2018,2025,Other,0
Genesis,G80,2017,2025,Other,0
Genesis,G90,2016,2025,Other,0
Genesis,GV60,2021,2025,Other,0
Genesis,GV70,2020,2025,Other,0
Genesis,GV80,2020,2025,Other,0
GMC,Acadia,2007,2025,USA,0
GMC,Canyon,2004,2025,USA,0
GMC,Envoy,2001,2009,USA,0
GMC,"Hummer EV",2022,2025,USA,0
GMC,"Sierra 1500",1999,2025,USA,0
GMC,"Sierra 2500",1999,2025,USA,0
GMC,"Sierra 3500",2020,2025,USA,0
GMC,Terrain,2010,2025,USA,0
GMC,Yukon,2000,2025,USA,0
"Great Wall",Cowry,2007,2014,China,0
"Great Wall",Deer,2003,2013,China,0
"Great Wall",Hover,2005,2020,China,0
"Great Wall","Hover M2",2010,2014,China,0
"Great Wall",Pegasus,2005,2007,China,0
"Great Wall",Peri,2007,2015,China,0
"Great Wall",Poer,2020,2025,China,0
"Great Wall","Poer King Kong",2022,2025,China,0
"Great Wall",Safe,2002,2010,China,0
"Great Wall",Sailor,2004,2012,China,0
"Great Wall",Sing,2004,2012,China,0
"Great Wall",Socool,2004,2012,China,0
"Great Wall",Wingle,2008,2021,China,0
"Great Wall","Wingle 7",2018,2021,China,0
Haval,"Cool Dog",2022,2025,China,0
Haval,Dargo,2020,2025,China,0
Haval,"Dargo X",2023,2025,China,0
Haval,F7,2018,2025,China,0
Haval,F7x,2019,2025,China,0
Haval,H4,2018,2021,China,0
Haval,H6,2017,2025,China,0
Haval,H9,2015,2025,China,0
Haval,Jolion,2021,2025,China,0
Haval,"M6 Plus",2021,2025,China,0
Holden,Commodore,2004,2017,Other,0
Holden,"Corvette C8",2020,2021,Other,0
Honda,Accord,1998,2025,Japan,1
Honda,Amaze,2011,2025,Japan,1
Honda,City,2014,2025,Japan,1
Honda,Civic,2001,2025,Japan,1
Honda,"Civic Type R",2015,2025,Japan,1
Honda,CR-V,1995,2025,Japan,1
Honda,CR-Z,2010,2016,Japan,1
Honda,Crosstour,2010,2015,Japan,1
Honda,e,2020,2025,Japan,1
Honda,Edix,2004,2009,Japan,1
Honda,Element,2003,2011,Japan,1
Honda,Fit,2001,2022,Japan,1
Honda,FR-V,2004,2009,Japan,1
Honda,HR-V,1998,2022,Japan,1
Honda,Insight,1999,2025,Japan,1
Honda,Jade,2013,2020,Japan,1
Honda,Jazz,2001,2025,Japan,1
Honda,"Jazz Crosstar",2020,2025,Japan,1
Honda,Legend,2006,2021,Japan,1
Honda,Odyssey,1999,2017,Japan,1
Honda,Passport,2019,2025,Japan,1
Honda,Pilot,2002,2025,Japan,1
Honda,Prelude,1996,2001,Japan,1
Honda,Ridgeline,2005,2014,Japan,1
Honda,S2000,1999,2009,Japan,1
Honda,Shuttle,1994,2002,Japan,1
Honda,Stepwgn,2022,2025,Japan,1
Honda,Stream,2001,2015,Japan,1
Honda,Vezel,2013,2025,Japan,1
Hongqi,E-HS9,2020,2025,Other,0
Hongqi,H5,2022,2025,Other,0
Hummer,H1,1992,2006,Other,0
Hummer,H2,2003,2010,Other,0
Hummer,H3,2005,2025,Other,0
Hyundai,Accent,2000,2025,"South Korea",1
Hyundai,"Atos Prime",1999,2014,"South Korea",1
Hyundai,Azera,2006,2011,"South Korea",1
Hyundai,Bayon,2021,2025,"South Korea",1
Hyundai,Centennial,1999,2008,"South Korea",1
Hyundai,Creta,2015,2025,"South Korea",1
Hyundai,"Creta Grand",2021,2025,"South Korea",1
Hyundai,Elantra,2000,2025,"South Korea",1
Hyundai,Entourage,2007,2007,"South Korea",1
Hyundai,Eon,2011,2019,"South Korea",1
Hyundai,Equus,2009,2016,"South Korea",1
Hyundai,Galloper,1998,2003,"South Korea",1
Hyundai,Genesis,2008,2016,"South Korea",1
Hyundai,"Genesis Coupe",2008,2016,"South Korea",1
Hyundai,Getz,2002,2011,"South Korea",1
Hyundai,Grandeur,2005,2017,"South Korea",1
Hyundai,H-1,1998,2025,"South Korea",1
Hyundai,i10,2008,2025,"South Korea",1
Hyundai,i20,2008,2025,"South Korea",1
Hyundai,"i20 N",2021,2025,"South Korea",1
Hyundai,i30,2007,2025,"South Korea",1
Hyundai,"i30 N",2017,2025,"South Korea",1
Hyundai,i40,2011,2019,"South Korea",1
Hyundai,Ioniq,2016,2025,"South Korea",1
Hyundai,"Ioniq 5",2021,2025,"South Korea",1
Hyundai,"Ioniq 6",2022,2025,"South Korea",1
Hyundai,ix20,2010,2020,"South Korea",1
Hyundai,ix35,2010,2018,"South Korea",1
Hyundai,Kona,2017,2025,"South Korea",1
Hyundai,"Kona N",2021,2025,"South Korea",1
Hyundai,Kusto,2021,2025,"South Korea",1
Hyundai,Matrix,2001,2014,"South Korea",1
Hyundai,Mistra,2021,2025,"South Korea",1
Hyundai,Nexo,2018,2025,"South Korea",1
Hyundai,Palisade,2018,2025,"South Korea",1
Hyundai,Porter,1996,2025,"South Korea",1
Hyundai,"Santa Cruz",2022,2025,"South Korea",1
Hyundai,"Santa Fe",2001,2025,"South Korea",1
Hyundai,Solaris,2010,2025,"South Korea",1
Hyundai,Sonata,1998,2025,"South Korea",1
Hyundai,Staria,2021,2025,"South Korea",1
Hyundai,Terracan,2001,2007,"South Korea",1
Hyundai,Trajet,2000,2008,"South Korea",1
Hyundai,Tucson,2004,2025,"South Korea",1
Hyundai,Veloster,2011,2025,"South Korea",1
Hyundai,Venue,2019,2025,"South Korea",1
Hyundai,Veracruz,2007,2015,"South Korea",1
Hyundai,Verna,2005,2011,"South Korea",1
Hyundai,Xcent,2014,2021,"South Korea",1
Hyundai,XG,1998,2005,"South Korea",1
Infiniti,EX,2008,2014,Japan,0
Infiniti,FX,2003,2014,Japan,0
Infiniti,G,2003,2014,Japan,0
Infiniti,I35,2002,2004,Japan,0
Infiniti,JX,2012,2013,Japan,0
Infiniti,M,2001,2013,Japan,0
Infiniti,Q30,2016,2021,Japan,0
Infiniti,Q40,2014,2015,Japan,0
Infiniti,Q45,2002,2007,Japan,0
Infiniti,Q50,2013,2025,Japan,0
Infiniti,Q60,2013,2025,Japan,0
Infiniti,Q70,2013,2021,Japan,0
Infiniti,QX30,2016,2020,Japan,0
Infiniti,QX4,1997,2003,Japan,0
Infiniti,QX50,2013,2025,Japan,0
Infiniti,QX55,2021,2025,Japan,0
Infiniti,QX56,2004,2013,Japan,0
Infiniti,QX60,2013,2025,Japan,0
Infiniti,QX70,2013,2017,Japan,0
Infiniti,QX80,2013,2025,Japan,0
Isuzu,Ascender,2002,2008,Other,0
Isuzu,Axiom,2002,2004,Other,0
Isuzu,D-Max,2011,2025,Other,0
Isuzu,"D-Max Rodeo",2007,2007,Other,0
Isuzu,I280,2005,2006,Other,0
Isuzu,I290,2007,2007,Other,0
Isuzu,I350,2005,2006,Other,0
Isuzu,I370,2007,2007,Other,0
Isuzu,mu-X,2020,2025,Other,0
Isuzu,Rodeo,1998,2004,Other,0
Isuzu,Trooper,1992,2002,Other,0
Isuzu,VehiCross,1997,2001,Other,0
Iveco,Daily,2006,2025,Other,0
Jac,iEV7S,2017,2025,Other,0
Jac,J7,2020,2025,Other,0
Jac,JS3,2021,2025,Other,0
Jac,JS4,2021,2025,Other,0
Jac,JS6,2022,2025,Other,0
Jac,"S3 Pro",2020,2025,Other,0
Jac,T6,2015,2025,Other,0
Jac,T8,2018,2025,Other,0
Jac,"T8 Pro",2020,2025,Other,0
Jac,T9,2023,2025,Other,0
Jaecoo,J8,2024,2025,Other,0
Jaguar,E-Pace,2017,2025,UK,0
Jaguar,F-Pace,2015,2025,UK,0
Jaguar,F-Type,2013,2025,UK,0
Jaguar,I-Pace,2018,2025,UK,0
Jaguar,S-Type,1998,2008,UK,0
Jaguar,X-Type,2001,2009,UK,0
Jaguar,XE,2015,2025,UK,0
Jaguar,XF,2007,2025,UK,0
Jaguar,XJ,1997,2025,UK,0
Jaguar,XK/XKR,2002,2015,UK,0
Jeep,Cherokee,2002,2025,USA,0
Jeep,Commander,2006,2025,USA,0
Jeep,Compass,2007,2025,USA,0
Jeep,Gladiator,2019,2025,USA,0
Jeep,"Grand Cherokee",1999,2025,USA,0
Jeep,"Grand Wagoneer",2022,2025,USA,0
Jeep,Liberty,2006,2013,USA,0
Jeep,Meridian,2021,2025,USA,0
Jeep,Patriot,2006,2016,USA,0
Jeep,Renegade,2014,2025,USA,0
Jeep,Wagoneer,2021,2025,USA,0
Jeep,Wrangler,1997,2025,USA,0
Jetour,Dashing,2022,2025,Other,0
Jetour,Traveler,2023,2025,Other,0
Jetour,"X70 Plus",2022,2025,Other,0
Jetour,"X90 Plus",2021,2025,Other,0
Kaiyi,E5,2021,2025,Other,0
Kia,Carens,2002,2025,"South Korea",1
Kia,Carnival,1999,2025,"South Korea",1
Kia,Ceed,2006,2025,"South Korea",1
Kia,Cerato,2004,2025,"South Korea",1
Kia,Clarus,1998,2001,"South Korea",1
Kia,EV6,2021,2025,"South Korea",1
Kia,EV9,2023,2025,"South Korea",1
Kia,Forte,2008,2025,"South Korea",1
Kia,K5,2020,2025,"South Korea",1
Kia,K8,2021,2025,"South Korea",1
Kia,K9,2021,2025,"South Korea",1
Kia,K900,2014,2025,"South Korea",1
Kia,Magentis,2001,2010,"South Korea",1
Kia,Mohave,2008,2025,"South Korea",1
Kia,Niro,2016,2025,"South Korea",1
Kia,Opirus,2003,2010,"South Korea",1
Kia,Optima,2010,2020,"South Korea",1
Kia,Picanto,2004,2025,"South Korea",1
Kia,ProCeed,2019,2025,"South Korea",1
Kia,Quoris,2012,2018,"South Korea",1
Kia,Ray,2011,2025,"South Korea",1
Kia,Rio,2000,2025,"South Korea",1
Kia,"Rio X",2020,2025,"South Korea",1
Kia,"Rio X-Line",2017,2021,"South Korea",1
Kia,Seltos,2019,2025,"South Korea",1
Kia,Shuma,1997,2005,"South Korea",1
Kia,Sonet,2020,2025,"South Korea",1
Kia,Sorento,2002,2025,"South Korea",1
Kia,"Sorento Prime",2015,2020,"South Korea",1
Kia,Soul,2009,2025,"South Korea",1
Kia,Spectra,2005,2009,"South Korea",1
Kia,Sportage,1993,2025,"South Korea",1
Kia,Stinger,2017,2025,"South Korea",1
Kia,Stonic,2017,2025,"South Korea",1
Kia,Telluride,2019,2025,"South Korea",1
Kia,Venga,2009,2019,"South Korea",1
Kia,XCeed,2019,2025,"South Korea",1
Lamborghini,Aventador,2011,2022,Italy,0
Lamborghini,Centenario,2016,2017,Italy,0
Lamborghini,Diablo,1991,2001,Italy,0
Lamborghini,Gallardo,2003,2014,Italy,0
Lamborghini,Huracan,2014,2025,Italy,0
Lamborghini,Murcielago,2003,2010,Italy,0
Lamborghini,Reventon,2008,2008,Italy,0
Lamborghini,Sian,2021,2025,Italy,0
Lamborghini,Urus,2018,2025,Italy,0
Lancia,Delta,2008,2014,Other,0
Lancia,Lybra,1999,2007,Other,0
Lancia,Musa,2004,2012,Other,0
Lancia,Phedra,2002,2010,Other,0
Lancia,Thema,2011,2014,Other,0
Lancia,Thesis,2001,2009,Other,0
Lancia,Ypsilon,2003,2025,Other,0
"Land Rover",Defender,2007,2025,UK,0
"Land Rover",Discovery,1998,2025,UK,0
"Land Rover","Discovery Sport",2014,2025,UK,0
"Land Rover",Evoque,2011,2025,UK,0
"Land Rover",Freelander,1998,2014,UK,0
"Land Rover","Range Rover",1994,2025,UK,0
"Land Rover","Range Rover Sport",2004,2025,UK,0
"Land Rover","Range Rover Velar",2017,2025,UK,0
Lexus,CT,2010,2022,Japan,0
Lexus,ES,2001,2025,Japan,0
Lexus,GS,1997,2022,Japan,0
Lexus,GX,2002,2025,Japan,0
Lexus,HS,2009,2025,Japan,0
Lexus,IS,1998,2025,Japan,0
Lexus,LBX,2023,2025,Japan,0
Lexus,LC,2017,2025,Japan,0
Lexus,LFA,2010,2012,Japan,0
Lexus,LM,2019,2025,Japan,0
Lexus,LS,1995,2025,Japan,0
Lexus,LX,1998,2025,Japan,0
Lexus,NX,2014,2025,Japan,0
Lexus,RC,2014,2025,Japan,0
Lexus,"RC F",2014,2025,Japan,0
Lexus,RX,1997,2025,Japan,0
Lexus,RZ,2023,2025,Japan,0
Lexus,SC,1999,2010,Japan,0
Lexus,TX,2023,2025,Japan,0
Lexus,UX,2018,2025,Japan,0
Lifan,Breez,2007,2012,Other,0
Lifan,Cebrium,2013,2017,Other,0
Lifan,Celliya,2013,2016,Other,0
Lifan,Murman,2017,2025,Other,0
Lifan,Myway,2017,2025,Other,0
Lifan,Smily,2008,2018,Other,0
Lifan,Solano,2008,2025,Other,0
Lifan,X50,2014,2025,Other,0
Lifan,X60,2011,2025,Other,0
Lifan,X70,2018,2025,Other,0
Lifan,X80,2017,2020,Other,0
Lincoln,Aviator,2003,2025,USA,0
Lincoln,Corsair,2019,2025,USA,0
Lincoln,"Mark LT",2006,2007,USA,0
Lincoln,MKC,2014,2019,USA,0
Lincoln,MKS,2008,2016,USA,0
Lincoln,MKT,2009,2019,USA,0
Lincoln,MKX,2006,2018,USA,0
Lincoln,MKZ,2006,2020,USA,0
Lincoln,Nautilus,2019,2025,USA,0
Lincoln,Navigator,1997,2025,USA,0
Lincoln,"Town Car",1998,2011,USA,0
Lincoln,Zephyr,2006,2006,USA,0
Livan,"S6 Pro",2023,2025,Other,0
Livan,"X3 Pro",2022,2025,Other,0
Livan,"X6 Pro",2023,2025,Other,0
LiXiang,L6,2024,2025,Other,0
LiXiang,L7,2023,2025,Other,0
LiXiang,L8,2022,2025,Other,0
LiXiang,L9,2022,2025,Other,0
LiXiang,Mega,2024,2025,Other,0
Lotus,Elise,2001,2025,Other,0
Lotus,Emira,2022,2025,Other,0
Lotus,"Europa S",2005,2010,Other,0
Lotus,Evora,2009,2025,Other,0
Lotus,Exige,2001,2021,Other,0
Marussia,B1,2008,2014,Other,0
Marussia,B2,2010,2014,Other,0
Maserati,"3200 GT",1998,2002,Italy,0
Maserati,Ghibli,2013,2025,Italy,0
Maserati,"Gran Cabrio",2010,2019,Italy,0
Maserati,"Gran Turismo",2007,2019,Italy,0
Maserati,"Gran Turismo S",2008,2012,Italy,0
Maserati,Grecale,2022,2025,Italy,0
Maserati,Levante,2016,2025,Italy,0
Maserati,MC20,2020,2025,Italy,0
Maserati,Quattroporte,2003,2025,Italy,0
Maserati,"Quattroporte S",2007,2012,Italy,0
Maybach,57,2002,2012,Other,0
Maybach,"57 S",2007,2012,Other,0
Maybach,62,2002,2012,Other,0
Maybach,"62 S",2007,2012,Other,0
Maybach,Landaulet,2003,2012,Other,0
Mazda,2,2003,2025,Japan,1
Mazda,"2 Hybrid",2021,2025,Japan,1
Mazda,3,2003,2025,Japan,1
Mazda,323,1998,2003,Japan,1
Mazda,5,2005,2025,Japan,1
Mazda,6,2002,2025,Japan,1
Mazda,626,1997,2001,Japan,1
Mazda,B-Series,1999,2006,Japan,1
Mazda,BT-50,2011,2025,Japan,1
Mazda,CX-3,2015,2025,Japan,1
Mazda,CX-30,2019,2025,Japan,1
Mazda,"CX-30 EV",2021,2025,Japan,1
Mazda,CX-4,2017,2025,Japan,1
Mazda,CX-5,2012,2025,Japan,1
Mazda,CX-50,2022,2025,Japan,1
Mazda,CX-60,2022,2025,Japan,1
Mazda,CX-7,2006,2012,Japan,1
Mazda,CX-8,2017,2025,Japan,1
Mazda,CX-80,2024,2025,Japan,1
Mazda,CX-9,2007,2025,Japan,1
Mazda,MPV,1999,2016,Japan,1
Mazda,MX-30,2020,2025,Japan,1
Mazda,MX-5,1998,2025,Japan,1
Mazda,Premacy,1999,2006,Japan,1
Mazda,RX-7,1992,2002,Japan,1
Mazda,RX-8,2003,2012,Japan,1
Mazda,Tribute,2000,2007,Japan,1
McLaren,540C,2015,2021,Other,0
McLaren,570S,2015,2021,Other,0
McLaren,600LT,2018,2021,Other,0
McLaren,650S,2014,2017,Other,0
McLaren,675LT,2015,2017,Other,0
McLaren,720S,2017,2025,Other,0
McLaren,"720S Spider",2019,2022,Other,0
McLaren,765LT,2020,2025,Other,0
McLaren,Artura,2021,2025,Other,0
McLaren,MP4-12C,2011,2014,Other,0
McLaren,P1,2013,2016,Other,0
Mercedes,A-class,1997,2025,Other,0
Mercedes,"AMG GT",2014,2025,Other,0
Mercedes,"AMG GT 4-Door",2018,2025,Other,0
Mercedes,B-class,2005,2025,Other,0
Mercedes,C-class,1997,2025,Other,0
Mercedes,"C-class Sport Coupe",2001,2007,Other,0
Mercedes,Citan,2012,2025,Other,0
Mercedes,CL-class,1992,2014,Other,0
Mercedes,CLA-class,2013,2025,Other,0
Mercedes,CLC-class,2008,2011,Other,0
Mercedes,CLK-class,1997,2010,Other,0
Mercedes,CLS-class,2004,2025,Other,0
Mercedes,E-class,1995,2025,Other,0
Mercedes,"E-class Coupe",2017,2025,Other,0
Mercedes,EQA,2021,2025,Other,0
Mercedes,EQB,2021,2025,Other,0
Mercedes,EQC,2019,2025,Other,0
Mercedes,EQE,2022,2025,Other,0
Mercedes,"EQE AMG",2022,2025,Other,0
Mercedes,EQS,2021,2025,Other,0
Mercedes,"EQS AMG",2022,2025,Other,0
Mercedes,EQT,2023,2025,Other,0
Mercedes,EQV,2021,2025,Other,0
Mercedes,G-class,1996,2025,Other,0
Mercedes,GL-class,2006,2016,Other,0
Mercedes,GLA-class,2013,2025,Other,0
Mercedes,"GLA-class AMG",2013,2025,Other,0
Mercedes,GLB-class,2019,2025,Other,0
Mercedes,GLC-class,2015,2025,Other,0
Mercedes,"GLC-class AMG",2015,2025,Other,0
Mercedes,"GLC-class Coupe",2016,2025,Other,0
Mercedes,GLE-class,2015,2025,Other,0
Mercedes,"GLE-class AMG",2015,2025,Other,0
Mercedes,"GLE-class Coupe",2015,2025,Other,0
Mercedes,GLK-class,2008,2015,Other,0
Mercedes,GLS-class,2015,2025,Other,0
Mercedes,"GLS-class AMG",2015,2025,Other,0
Mercedes,M-class,1997,2025,Other,0
Mercedes,R-class,2005,2012,Other,0
Mercedes,S-class,1990,2025,Other,0
Mercedes,"S-class Cabrio",2015,2021,Other,0
Mercedes,"S-class Coupe",2015,2021,Other,0
Mercedes,SL-class,2001,2021,Other,0
Mercedes,"SL-Class AMG",2022,2025,Other,0
Mercedes,SLC-class,2018,2025,Other,0
Mercedes,SLK-class,1996,2025,Other,0
Mercedes,SLR-class,2003,2010,Other,0
Mercedes,"SLS AMG",2010,2014,Other,0
Mercedes,Sprinter,2000,2025,Other,0
Mercedes,Vaneo,2001,2006,Other,0
Mercedes,Viano,2003,2025,Other,0
Mercedes,Vito,1999,2003,Other,0
Mercedes,X-class,2018,2025,Other,0
Mercury,"Grand Marquis",2003,2011,Other,0
Mercury,Mariner,2005,2007,Other,0
Mercury,Milan,2006,2011,Other,0
Mercury,Montego,2004,2007,Other,0
Mercury,Monterey,1991,2007,Other,0
Mercury,Mountaineer,2003,2010,Other,0
Mercury,Sable,1995,2005,Other,0
MG,4,2022,2025,Other,0
MG,Hector,2019,2025,Other,0
MG,TF,2002,2011,Other,0
MG,VS,2022,2025,Other,0
MG,"XPower SV",2003,2008,Other,0
MG,ZR,2001,2005,Other,0
MG,ZS,2001,2005,Other,0
MG,"ZS EV",2021,2025,Other,0
MG,ZT,2001,2005,Other,0
MG,ZT-T,2001,2005,Other,0
Mini,Aceman,2024,2025,UK,0
Mini,Clubman,2007,2025,UK,0
Mini,"Clubman S",2007,2014,UK,0
Mini,Clubvan,2012,2014,UK,0
Mini,Cooper,2001,2025,UK,0
Mini,"Cooper Cabrio",2001,2025,UK,0
Mini,"Cooper S",2001,2025,UK,0
Mini,"Cooper S Cabrio",2001,2025,UK,0
Mini,"Cooper S Countryman All4",2010,2025,UK,0
Mini,Countryman,2010,2025,UK,0
Mini,One,2001,2025,UK,0
Mitsubishi,"3000 GT",1992,2001,Japan,1
Mitsubishi,ASX,2010,2025,Japan,1
Mitsubishi,Carisma,1995,2004,Japan,1
Mitsubishi,Colt,1995,2012,Japan,1
Mitsubishi,Dignity,2012,2017,Japan,1
Mitsubishi,Eclipse,1995,2007,Japan,1
Mitsubishi,"Eclipse Cross",2017,2025,Japan,1
Mitsubishi,Endeavor,2004,2011,Japan,1
Mitsubishi,Galant,1996,2012,Japan,1
Mitsubishi,Grandis,2003,2011,Japan,1
Mitsubishi,i-MiEV,2009,2020,Japan,1
Mitsubishi,L200,1996,2025,Japan,1
Mitsubishi,Lancer,1996,2017,Japan,1
Mitsubishi,"Lancer Evo",2001,2016,Japan,1
Mitsubishi,Mirage,2012,2025,Japan,1
Mitsubishi,Outlander,2003,2025,Japan,1
Mitsubishi,"Outlander Sport",2010,2025,Japan,1
Mitsubishi,"Outlander XL",2006,2012,Japan,1
Mitsubishi,Pajero,1990,2021,Japan,1
Mitsubishi,"Pajero Pinin",1999,2007,Japan,1
Mitsubishi,"Pajero Sport",1998,2025,Japan,1
Mitsubishi,Raider,2006,2007,Japan,1
Mitsubishi,"Space Gear",1995,2007,Japan,1
Mitsubishi,"Space Runner",1999,2004,Japan,1
Mitsubishi,"Space Star",1998,2004,Japan,1
Mitsubishi,Xpander,2017,2025,Japan,1
Moskvich,3e,2022,2025,Other,0
Nissan,350Z,2002,2009,Japan,1
Nissan,370Z,2009,2025,Japan,1
Nissan,Almera,2000,2025,Japan,1
Nissan,"Almera Classic",2005,2012,Japan,1
Nissan,"Almera Tino",2000,2005,Japan,1
Nissan,Altima,2002,2025,Japan,1
Nissan,Ariya,2020,2025,Japan,1
Nissan,Armada,2003,2025,Japan,1
Nissan,"Bluebird Sylphy",2000,2012,Japan,1
Nissan,e-NV200,2014,2025,Japan,1
Nissan,Frontier,1998,2025,Japan,1
Nissan,GT-R,2007,2025,Japan,1
Nissan,Juke,2011,2025,Japan,1
Nissan,Leaf,2010,2025,Japan,1
Nissan,Maxima,2000,2025,Japan,1
Nissan,Micra,2003,2025,Japan,1
Nissan,Murano,2002,2025,Japan,1
Nissan,Navara,2005,2025,Japan,1
Nissan,Note,2005,2025,Japan,1
Nissan,NP300,2008,2013,Japan,1
Nissan,Pathfinder,1997,2025,Japan,1
Nissan,Patrol,1997,2025,Japan,1
Nissan,Primera,1996,2008,Japan,1
Nissan,Qashqai,2007,2025,Japan,1
Nissan,Qashqai+2,2008,2013,Japan,1
Nissan,Quest,2003,2017,Japan,1
Nissan,Rogue,2008,2025,Japan,1
Nissan,Sentra,1999,2025,Japan,1
Nissan,Skyline,2001,2005,Japan,1
Nissan,Sylphy,2012,2020,Japan,1
Nissan,Teana,2005,2025,Japan,1
Nissan,Terrano,1993,2025,Japan,1
Nissan,Tiida,2007,2025,Japan,1
Nissan,Titan,2003,2025,Japan,1
Nissan,"Titan XD",2016,2025,Japan,1
Nissan,Townstar,2022,2025,Japan,1
Nissan,X-Trail,2001,2025,Japan,1
Nissan,XTerra,2001,2015,Japan,1
Nissan,Z,2003,2025,Japan,1
Omoda,"S5 GT",2023,2025,Other,0
Opel,Adam,2013,2020,Germany,0
Opel,Agila,2000,2014,Germany,0
Opel,Ampera-e,2017,2021,Germany,0
Opel,Antara,2006,2015,Germany,0
Opel,Astra,1998,2025,Germany,0
Opel,"Astra GTC",2011,2018,Germany,0
Opel,"Astra OPC",2011,2018,Germany,0
Opel,Cascada,2013,2019,Germany,0
Opel,Combo,2001,2025,Germany,0
Opel,"Combo Life",2021,2025,Germany,0
Opel,Corsa,2000,2025,Germany,0
Opel,"Corsa OPC",2007,2018,Germany,0
Opel,Crossland,2020,2025,Germany,0
Opel,"Crossland X",2017,2020,Germany,0
Opel,Frontera,1998,2004,Germany,0
Opel,Grandland,2021,2025,Germany,0
Opel,"Grandland X",2017,2025,Germany,0
Opel,Insignia,2008,2025,Germany,0
Opel,"Insignia OPC",2009,2017,Germany,0
Opel,Karl,2014,2019,Germany,0
Opel,Meriva,2003,2017,Germany,0
Opel,Mokka,2012,2025,Germany,0
Opel,Omega,1994,2004,Germany,0
Opel,Signum,2003,2008,Germany,0
Opel,Speedster,2000,2007,Germany,0
Opel,Tigra,1994,2009,Germany,0
Opel,Vectra,1995,2008,Germany,0
Opel,Vivaro,2014,2025,Germany,0
Opel,Zafira,1999,2014,Germany,0
Opel,"Zafira Life",2019,2025,Germany,0
Opel,"Zafira Tourer",2012,2020,Germany,0
Peugeot,1007,2004,2009,France,1
Peugeot,107,2005,2014,France,1
Peugeot,108,2014,2025,France,1
Peugeot,2008,2013,2025,France,1
Peugeot,206,1998,2012,France,1
Peugeot,207,2006,2014,France,1
Peugeot,208,2012,2025,France,1
Peugeot,3008,2009,2025,France,1
Peugeot,301,2012,2025,France,1
Peugeot,307,2000,2011,France,1
Peugeot,308,2007,2025,France,1
Peugeot,4007,2007,2012,France,1
Peugeot,4008,2012,2025,France,1
Peugeot,406,1995,2004,France,1
Peugeot,407,2004,2010,France,1
Peugeot,408,2010,2025,France,1
Peugeot,5008,2009,2025,France,1
Peugeot,508,2011,2025,France,1
Peugeot,607,2000,2010,France,1
Peugeot,807,2002,2014,France,1
Peugeot,Boxer,2008,2014,France,1
Peugeot,Expert,2016,2025,France,1
Peugeot,Landtrek,2020,2025,France,1
Peugeot,Manager,2017,2025,France,1
Peugeot,Partner,1996,2025,France,1
Peugeot,"Partner Crossway",2021,2025,France,1
Peugeot,"Partner Rapid",2021,2025,France,1
Peugeot,"RCZ Sport",2010,2015,France,1
Peugeot,Rifter,2018,2025,France,1
Peugeot,Traveller,2016,2025,France,1
Plymouth,"Road Runner",1968,1970,Other,0
Pontiac,Aztec,2001,2005,Other,0
Pontiac,Bonneville,1999,2005,Other,0
Pontiac,Firebird,1993,2002,Other,0
Pontiac,"G5 Pursuit",2004,2010,Other,0
Pontiac,G6,2004,2010,Other,0
Pontiac,G8,2008,2009,Other,0
Pontiac,"Grand AM",1998,2005,Other,0
Pontiac,"Grand Prix",1996,2008,Other,0
Pontiac,GTO,2004,2006,Other,0
Pontiac,Montana,1997,2009,Other,0
Pontiac,Solstice,2005,2010,Other,0
Pontiac,Sunfire,1995,2005,Other,0
Pontiac,Torrent,2005,2009,Other,0
Pontiac,Vibe,2002,2009,Other,0
Porsche,"718 Boxster",2016,2025,Germany,0
Porsche,"718 Cayman",2016,2025,Germany,0
Porsche,911,1997,2025,Germany,0
Porsche,Boxster,1996,2016,Germany,0
Porsche,Cayenne,2002,2025,Germany,0
Porsche,Cayman,2005,2016,Germany,0
Porsche,Macan,2014,2025,Germany,0
Porsche,Panamera,2009,2025,Germany,0
Porsche,Taycan,2020,2025,Germany,0
Ravon,Gentra,2015,2019,Other,0
Renault,Alaskan,2016,2020,France,1
Renault,Arkana,2019,2025,France,1
Renault,Austral,2022,2025,France,1
Renault,Avantime,2001,2004,France,1
Renault,Captur,2013,2025,France,1
Renault,Clio,1998,2025,France,1
Renault,Duster,2010,2025,France,1
Renault,"Duster Oroch",2015,2022,France,1
Renault,Espace,1996,2025,France,1
Renault,Fluence,2010,2019,France,1
Renault,"Grand Scenic",2009,2025,France,1
Renault,Kadjar,2015,2025,France,1
Renault,Kangoo,1998,2025,France,1
Renault,Kaptur,2016,2022,France,1
Renault,Kiger,2021,2025,France,1
Renault,Koleos,2008,2025,France,1
Renault,Laguna,1993,2015,France,1
Renault,Latitude,2010,2018,France,1
Renault,Logan,2004,2025,France,1
Renault,"Logan Stepway",2018,2022,France,1
Renault,Master,2011,2025,France,1
Renault,Megane,1996,2025,France,1
Renault,"Megane E-Tech",2022,2025,France,1
Renault,Modus,2004,2012,France,1
Renault,Rafale,2024,2025,France,1
Renault,Sandero,2007,2025,France,1
Renault,"Sandero Stepway",2008,2022,France,1
Renault,Scenic,1996,2025,France,1
Renault,Symbol,2002,2025,France,1
Renault,Taliant,2021,2025,France,1
Renault,Talisman,2015,2022,France,1
Renault,Trafic,2001,2025,France,1
Renault,Triber,2019,2025,France,1
Renault,Twingo,1993,2025,France,1
Renault,Twizy,2012,2025,France,1
Renault,"Vel Satis",2002,2009,France,1
Renault,Wind,2010,2013,France,1
Renault,Zoe,2012,2025,France,1
Rolls-Royce,Cullinan,2018,2025,UK,0
Rolls-Royce,Dawn,2015,2022,UK,0
Rolls-Royce,Ghost,2009,2025,UK,0
Rolls-Royce,Phantom,2003,2025,UK,0
Rolls-Royce,Spectre,2023,2025,UK,0
Rolls-Royce,Wraith,2013,2022,UK,0
Rover,25,1999,2008,Other,0
Rover,400,1996,2000,Other,0
Rover,45,2000,2008,Other,0
Rover,600,1999,2004,Other,0
Rover,75,1999,2005,Other,0
Rover,Streetwise,2003,2005,Other,0
Saab,9-2x,2004,2007,Sweden,0
Saab,9-3,2003,2014,Sweden,0
Saab,9-4x,2011,2012,Sweden,0
Saab,9-5,1997,2012,Sweden,0
Saab,9-7x,2005,2009,Sweden,0
Saturn,Aura,2007,2025,Other,0
Saturn,Ion,2003,2007,Other,0
Saturn,LW,1998,2004,Other,0
Saturn,Outlook,2006,2010,Other,0
Saturn,Sky,2007,2010,Other,0
Saturn,Vue,2002,2007,Other,0
Scion,FR-S,2012,2016,Other,0
Scion,tC,2004,2016,Other,0
Scion,xA,2003,2007,Other,0
Scion,xB,2003,2015,Other,0
Scion,xD,2007,2014,Other,0
Seat,Alhambra,1998,2025,Other,0
Seat,Altea,2004,2015,Other,0
Seat,"Altea Freetrack",2007,2015,Other,0
Seat,"Altea XL",2007,2015,Other,0
Seat,Arona,2017,2025,Other,0
Seat,Arosa,1997,2006,Other,0
Seat,Ateca,2016,2025,Other,0
Seat,Cordoba,1999,2009,Other,0
Seat,Exeo,2008,2013,Other,0
Seat,Ibiza,2002,2025,Other,0
Seat,Leon,1999,2025,Other,0
Seat,Mii,2012,2021,Other,0
Seat,Tarraco,2018,2025,Other,0
Seat,Toledo,2004,2018,Other,0
Seres,"Seres 3",2022,2025,Other,0
Skoda,Citigo,2011,2020,Other,0
Skoda,"Enyaq iV",2020,2025,Other,0
Skoda,Fabia,1999,2025,Other,0
Skoda,Felicia,1995,2000,Other,0
Skoda,Kamiq,2019,2025,Other,0
Skoda,Karoq,2017,2025,Other,0
Skoda,Kodiaq,2016,2025,Other,0
Skoda,Octavia,1995,2025,Other,0
Skoda,"Octavia Scout",2007,2013,Other,0
Skoda,"Octavia Tour",2006,2013,Other,0
Skoda,Praktik,2007,2015,Other,0
Skoda,Rapid,2012,2025,Other,0
Skoda,"Rapid Spaceback (NH1)",2013,2020,Other,0
Skoda,Roomster,2006,2015,Other,0
Skoda,Scala,2019,2025,Other,0
Skoda,Superb,2002,2025,Other,0
Skoda,Yeti,2009,2025,Other,0
Smart,#1,2022,2025,Other,0
Smart,Forfour,2004,2025,Other,0
Smart,Fortwo,1997,2025,Other,0
Smart,Roadster,2003,2025,Other,0
"Ssang Yong",Actyon,2005,2025,Other,0
"Ssang Yong","Actyon Sports",2006,2025,Other,0
"Ssang Yong",Chairman,1997,2025,Other,0
"Ssang Yong",Korando,2002,2025,Other,0
"Ssang Yong",Kyron,2005,2016,Other,0
"Ssang Yong",LUVi,2015,2025,Other,0
"Ssang Yong",Musso,1993,2025,Other,0
"Ssang Yong","Musso Grand",2020,2025,Other,0
"Ssang Yong","Musso Sport",2004,2007,Other,0
"Ssang Yong",Rexton,2001,2025,Other,0
"Ssang Yong","Rexton Sports",2018,2025,Other,0
"Ssang Yong",Rodius,2004,2019,Other,0
"Ssang Yong",Stavic,2013,2025,Other,0
"Ssang Yong",Tivoli,2015,2025,Other,0
"Ssang Yong","Tivoli Grand",2021,2025,Other,0
"Ssang Yong",XLV,2016,2025,Other,0
Subaru,Ascent,2018,2025,Japan,0
Subaru,Baja,2002,2007,Japan,0
Subaru,BRZ,2012,2025,Japan,0
Subaru,Crosstrek,2018,2025,Japan,0
Subaru,Exiga,2008,2015,Japan,0
Subaru,Forester,1997,2025,Japan,0
Subaru,Impreza,1992,2025,Japan,0
Subaru,"Impreza WRX",2001,2013,Japan,0
Subaru,"Impreza WRX STI",2000,2013,Japan,0
Subaru,Justy,1995,2006,Japan,0
Subaru,Legacy,1994,2025,Japan,0
Subaru,Levorg,2014,2025,Japan,0
Subaru,Outback,1997,2025,Japan,0
Subaru,Solterra,2022,2025,Japan,0
Subaru,Traviq,2001,2006,Japan,0
Subaru,Tribeca,2005,2014,Japan,0
Subaru,WRX,2014,2025,Japan,0
Subaru,XV,2012,2025,Japan,0
Suzuki,Alto,2002,2025,Japan,0
Suzuki,Baleno,1995,2025,Japan,0
Suzuki,Celerio,2014,2021,Japan,0
Suzuki,Ciaz,2014,2025,Japan,0
Suzuki,Ertiga,2012,2025,Japan,0
Suzuki,"Grand Vitara",1998,2014,Japan,0
Suzuki,"Grand Vitara XL7",1998,2014,Japan,0
Suzuki,Ignis,2000,2025,Japan,0
Suzuki,Jimny,1998,2025,Japan,0
Suzuki,Kizashi,2009,2015,Japan,0
Suzuki,Liana,2002,2007,Japan,0
Suzuki,S-Presso,2019,2025,Japan,0
Suzuki,Splash,2008,2016,Japan,0
Suzuki,Swift,2005,2025,Japan,0
Suzuki,SX4,2006,2021,Japan,0
Suzuki,Vitara,2015,2025,Japan,0
Suzuki,"Wagon R",2012,2017,Japan,0
Suzuki,"Wagon R+",2000,2006,Japan,0
Suzuki,XL6,2019,2025,Japan,0
Suzuki,XL7,2020,2025,Japan,0
Tank,700,2024,2025,Other,0
Tesla,"Model 3",2017,2025,USA,0
Tesla,"Model S",2012,2025,USA,0
Tesla,"Model X",2015,2025,USA,0
Tesla,"Model Y",2019,2025,USA,0
Toyota,4Runner,1995,2025,Japan,1
Toyota,Alphard,2002,2025,Japan,1
Toyota,Auris,2007,2025,Japan,1
Toyota,Avalon,2000,2025,Japan,1
Toyota,Avensis,1997,2018,Japan,1
Toyota,"Avensis Verso",2001,2010,Japan,1
Toyota,Aygo,2005,2025,Japan,1
Toyota,"Aygo X",2021,2025,Japan,1
Toyota,BZ4X,2022,2025,Japan,1
Toyota,C+pod,2020,2025,Japan,1
Toyota,C-HR,2016,2025,Japan,1
Toyota,Caldina,2002,2007,Japan,1
Toyota,Camry,1996,2025,Japan,1
Toyota,Celica,1999,2006,Japan,1
Toyota,Corolla,1995,2025,Japan,1
Toyota,"Corolla Cross",2020,2025,Japan,1
Toyota,"Corolla Verso",2002,2009,Japan,1
Toyota,Crown,2018,2025,Japan,1
Toyota,"FJ Cruiser",2007,2016,Japan,1
Toyota,Fortuner,2004,2025,Japan,1
Toyota,"GT 86",2012,2025,Japan,1
Toyota,Harrier,2013,2025,Japan,1
Toyota,Hiace,2006,2025,Japan,1
Toyota,Highlander,2000,2025,Japan,1
Toyota,Hilux,2005,2025,Japan,1
Toyota,iQ,2008,2016,Japan,1
Toyota,ist,2002,2016,Japan,1
Toyota,"Land Cruiser",1990,2025,Japan,1
Toyota,"Land Cruiser Prado",2002,2025,Japan,1
Toyota,"Mark II",2000,2004,Japan,1
Toyota,Mirai,2014,2025,Japan,1
Toyota,MR2,1999,2007,Japan,1
Toyota,Picnic,1995,2001,Japan,1
Toyota,Previa,2000,2025,Japan,1
Toyota,Prius,2003,2025,Japan,1
Toyota,"Prius Prime",2017,2025,Japan,1
Toyota,RAV4,1994,2025,Japan,1
Toyota,Sequoia,2001,2025,Japan,1
Toyota,Sienna,2002,2025,Japan,1
Toyota,Supra,2019,2025,Japan,1
Toyota,Tacoma,2005,2025,Japan,1
Toyota,Tundra,1999,2025,Japan,1
Toyota,Venza,2008,2016,Japan,1
Toyota,Verso,2009,2025,Japan,1
Toyota,Vitz,2005,2025,Japan,1
Toyota,Wish,2003,2017,Japan,1
Toyota,Yaris,1999,2025,Japan,1
Toyota,"Yaris Verso",1999,2005,Japan,1
UAZ,"3153 Gusar",1996,2013,Other,0
UAZ,"3159 Bars",1999,2005,Other,0
UAZ,3160,1997,2005,Other,0
UAZ,"3162 Simbir",1999,2005,Other,0
UAZ,Buhanka,1985,2025,Other,0
UAZ,"Patriot Sport",2010,2013,Other,0
UAZ,Pickup,2008,2025,Other,0
UAZ,Profi,2017,2025,Other,0
UAZ,Патриот,2005,2025,Other,0
UAZ,Хантер,2003,2025,Other,0
VAZ,2101-2107,1976,2012,Other,0
VAZ,"2108, 2109, 21099",1984,2004,Other,0
VAZ,"2110, 2111, 2112",1996,2014,Other,0
VAZ,"2113, 2114, 2115",1997,2015,Other,0
VAZ,"4x4 Urban",2014,2021,Other,0
VAZ,Granta,2011,2025,Other,0
VAZ,"Granta Cross",2019,2025,Other,0
VAZ,Largus,2012,2025,Other,0
VAZ,"Largus Cross",2015,2025,Other,0
VAZ,"Niva Bronto",2021,2025,Other,0
VAZ,"Niva Legend",2021,2025,Other,0
VAZ,"Niva Travel",2021,2025,Other,0
VAZ,"Vesta Cross",2018,2025,Other,0
VAZ,"Vesta Sport",2018,2025,Other,0
VAZ,"Vesta SW",2017,2025,Other,0
VAZ,XRay,2016,2025,Other,0
VAZ,"XRay Cross",2018,2025,Other,0
VAZ,Веста,2015,2025,Other,0
VAZ,Калина,2004,2013,Other,0
VAZ,"Нива 4X4",1977,2025,Other,0
VAZ,Ока,1988,2008,Other,0
VAZ,Приора,2007,2018,Other,0
Volkswagen,Amarok,2010,2025,Germany,1
Volkswagen,Arteon,2017,2025,Germany,1
Volkswagen,Beetle,2011,2025,Germany,1
Volkswagen,Bora,1998,2005,Germany,1
Volkswagen,Caddy,2004,2025,Germany,1
Volkswagen,CC,2012,2025,Germany,1
Volkswagen,Crafter,2008,2025,Germany,1
Volkswagen,CrossGolf,2007,2009,Germany,1
Volkswagen,CrossPolo,2006,2009,Germany,1
Volkswagen,CrossTouran,2007,2015,Germany,1
Volkswagen,Eos,2006,2015,Germany,1
Volkswagen,Fox,2005,2011,Germany,1
Volkswagen,Golf,1991,2025,Germany,1
Volkswagen,ID.3,2020,2025,Germany,1
Volkswagen,ID.4,2020,2025,Germany,1
Volkswagen,"ID.4 X",2021,2025,Germany,1
Volkswagen,ID.5,2022,2025,Germany,1
Volkswagen,"ID.6 Crozz",2021,2025,Germany,1
Volkswagen,"ID.6 X",2021,2025,Germany,1
Volkswagen,ID.7,2023,2025,Germany,1
Volkswagen,ID.Buzz,2022,2025,Germany,1
Volkswagen,Jetta,2005,2025,Germany,1
Volkswagen,Lupo,1998,2005,Germany,1
Volkswagen,Multivan,2003,2025,Germany,1
Volkswagen,"New Beetle",1998,2007,Germany,1
Volkswagen,Passat,2000,2025,Germany,1
Volkswagen,"Passat CC",2008,2012,Germany,1
Volkswagen,Phaeton,2002,2016,Germany,1
Volkswagen,Pointer,1993,1997,Germany,1
Volkswagen,Polo,2001,2025,Germany,1
Volkswagen,Routan,2008,2014,Germany,1
Volkswagen,Scirocco,2008,2017,Germany,1
Volkswagen,Sharan,1995,2022,Germany,1
Volkswagen,T-Cross,2018,2025,Germany,1
Volkswagen,T-Roc,2017,2025,Germany,1
Volkswagen,Taigo,2021,2025,Germany,1
Volkswagen,Taos,2020,2025,Germany,1
Volkswagen,Tayron,2019,2025,Germany,1
Volkswagen,Teramont,2017,2025,Germany,1
Volkswagen,"Teramont X",2019,2025,Germany,1
Volkswagen,Tiguan,2007,2025,Germany,1
Volkswagen,"Tiguan X",2020,2025,Germany,1
Volkswagen,Touareg,2002,2025,Germany,1
Volkswagen,Touran,2003,2025,Germany,1
Volkswagen,Transporter,1990,2025,Germany,1
Volkswagen,Up,2011,2025,Germany,1
Volvo,C30,2007,2013,Sweden,0
Volvo,C40,2021,2025,Sweden,0
Volvo,C70,2006,2013,Sweden,0
Volvo,"C70 Convertible",1997,2006,Sweden,0
Volvo,"C70 Coupe",1996,2007,Sweden,0
Volvo,EC40,2024,2025,Sweden,0
Volvo,EX30,2023,2025,Sweden,0
Volvo,EX90,2023,2025,Sweden,0
Volvo,S40,1995,2012,Sweden,0
Volvo,S60,2000,2025,Sweden,0
Volvo,S70,1996,2000,Sweden,0
Volvo,S80,1998,2016,Sweden,0
Volvo,S90,1997,2025,Sweden,0
Volvo,V40,1995,2021,Sweden,0
Volvo,V50,2004,2012,Sweden,0
Volvo,V60,2011,2025,Sweden,0
Volvo,V70,1996,2016,Sweden,0
Volvo,V90,1996,2025,Sweden,0
Volvo,XC40,2017,2025,Sweden,0
Volvo,XC60,2008,2025,Sweden,0
Volvo,XC70,2001,2016,Sweden,0
Volvo,XC90,2002,2025,Sweden,0
Voyah,Dream,2021,2025,Other,0
Voyah,Free,2021,2025,Other,0
Voyah,Passion,2023,2025,Other,0
Wiesmann,Thunderball,2022,2025,Other,0
Zeekr,001,2021,2025,Other,0
Zeekr,009,2022,2025,Other,0
Zeekr,X,2023,2025,Other,0
