Acura,CDX,2016,2022,Japan,false
Acura,CL,1998,2003,Japan,false
Acura,EL,1997,2005,Japan,false
Acura,ILX,2012,2022,Japan,false
Acura,Integra,1995,-,Japan,false
Acura,MDX,2001,-,Japan,false
Acura,NSX,2001,-,Japan,false
Acura,RDX,2006,-,Japan,false
Acura,RL,1995,2012,Japan,false
Acura,RLX,2013,2021,Japan,false
Acura,RSX,2002,2006,Japan,false
Acura,TL,1999,2014,Japan,false
Acura,TLX,2014,-,Japan,false
Acura,TLX-L,2018,2021,Japan,false
Acura,TSX,2003,2014,Japan,false
Acura,ZDX,2010,2013,Japan,false
 Alfa Romeo ,146,1994,2001,Italy,false
 Alfa Romeo ,147,1998,2010,Italy,false
 Alfa Romeo , 147 GTA ,2002,2010,Italy,false
 Alfa Romeo ,156,1997,2007,Italy,false
 Alfa Romeo , 156 GTA ,2002,2007,Italy,false
 Alfa Romeo ,159,2005,2011,Italy,false
 Alfa Romeo ,166,1998,2007,Italy,false
 Alfa Romeo ,4C,2013,2020,Italy,false
 Alfa Romeo , 8C Competizione ,2008,2010,Italy,false
 Alfa Romeo ,Brera,2005,2010,Italy,false
 Alfa Romeo ,Giulia,2016,-,Italy,false
 Alfa Romeo ,Giulietta,2010,2021,Italy,false
 Alfa Romeo ,GT,2003,2020,Italy,false
 Alfa Romeo ,GTV,1995,2006,Italy,false
 Alfa Romeo ,MiTo,2008,2018,Italy,false
 Alfa Romeo ,Spider,1998,2010,Italy,false
 Alfa Romeo ,Stelvio,2017,-,Italy,false
 Alfa Romeo ,Tonale,2022,-,Italy,false
 Aston Martin ,Cygnet,2011,2013,UK,false
 Aston Martin ,DB11,2016,-,UK,false
 Aston Martin ,DB12,2023,-,UK,false
 Aston Martin ,DB9,2004,2016,UK,false
 Aston Martin ,DBS,2003,2012,UK,false
 Aston Martin , DBS 770 Ultimate ,2023,-,UK,false
 Aston Martin , DBS Superleggera ,2018,-,UK,false
 Aston Martin , DBS Violante ,2007,2012,UK,false
 Aston Martin ,DBX,2020,-,UK,false
 Aston Martin ,Rapide,2010,2019,UK,false
 Aston Martin , V12 Vanquish ,2001,2008,UK,false
 Aston Martin , V12 Vantage ,2010,-,UK,false
 Aston Martin , V8 Vantage ,2005,2007,UK,false
 Aston Martin ,Valkyrie,2019,2020,UK,false
 Aston Martin ,Valour,2023,-,UK,false
 Aston Martin ,Vanquish,2011,2018,UK,false
 Aston Martin ,Vantage,2018,-,UK,false
 Aston Martin ,Virage,2011,2012,UK,false
 Aston Martin , Zagato Coupe ,2016,2016,UK,false
Audi,A1,2010,-,Germany,true
Audi, A1 Allstreet ,2022,-,Germany,true
Audi, A1 Citycarver ,2019,2022,Germany,true
Audi,A2,2000,2006,Germany,true
Audi,A3,1996,-,Germany,true
Audi, A3 Allstreet ,2024,-,Germany,true
Audi,A4,1995,-,Germany,true
Audi, A4 Allroad Quattro ,2009,-,Germany,true
Audi,A5,2007,-,Germany,true
Audi,A6,1998,-,Germany,true
Audi,A7,2010,-,Germany,true
Audi,A8,1994,-,Germany,true
Audi,Allroad,2000,2011,Germany,true
Audi,e-tron,2019,-,Germany,true
Audi, e-tron GT ,2020,-,Germany,true
Audi, e-tron S ,2020,-,Germany,true
Audi, e-tron S Sportback ,2020,-,Germany,true
Audi, e-tron Sportback ,2020,-,Germany,true
Audi,Q2,2016,-,Germany,true
Audi,Q2L,2019,-,Germany,true
Audi,Q3,2011,-,Germany,true
Audi, Q3 Sportback ,2019,-,Germany,true
Audi,Q4,2021,-,Germany,true
Audi, Q4 Sportback ,2022,-,Germany,true
Audi,Q5,2008,-,Germany,true
Audi, Q5 Sportback ,2021,-,Germany,true
Audi,Q6,2022,-,Germany,true
Audi, Q6 e-tron ,2024,-,Germany,true
Audi,Q7,2006,-,Germany,true
Audi,Q8,2018,-,Germany,true
Audi, Q8 e-tron ,2023,-,Germany,true
Audi, Q8 Sportback e-tron ,2023,-,Germany,true
Audi,R8,2006,-,Germany,true
Audi, RS e-tron GT ,2021,-,Germany,true
Audi, RS Q3 ,2012,-,Germany,true
Audi, RS Q3 Sportback ,2019,-,Germany,true
Audi, RS Q7 ,0,-,Germany,true
Audi, RS Q8 ,2019,-,Germany,true
Audi,RS3,2011,-,Germany,true
Audi,RS4,2005,-,Germany,true
Audi,RS5,2010,-,Germany,true
Audi,RS6,2002,-,Germany,true
Audi,RS7,2013,-,Germany,true
Audi, S e-tron GT ,2024,-,Germany,true
Audi,S1,2014,2018,Germany,true
Audi,S3,2006,-,Germany,true
Audi,S4,2003,-,Germany,true
Audi,S5,2007,-,Germany,true
Audi,S6,1999,-,Germany,true
Audi,S7,2012,-,Germany,true
Audi,S8,1996,-,Germany,true
Audi,SQ2,2019,-,Germany,true
Audi,SQ5,2012,-,Germany,true
Audi, SQ5 Sportback ,2021,-,Germany,true
Audi, SQ6 e-tron ,2024,-,Germany,true
Audi,SQ7,2016,-,Germany,true
Audi,SQ8,2019,-,Germany,true
Audi, SQ8 e-tron ,2023,-,Germany,true
Audi, SQ8 Sportback e-tron ,2023,-,Germany,true
Audi,TT,1998,-,Germany,true
Audi, TT RS ,2008,-,Germany,true
Audi,TTS,2008,-,Germany,true
Aurus,Senat,2021,-,Russia,false
Avatr,11,2022,-,China,false
Avatr,12,2023,-,China,false
BAIC,BJ40,2021,-,China,false
BAIC, BJ40 Plus ,2018,-,China,false
BAIC, U5 Plus ,2021,-,China,false
BAIC,X35,2020,-,China,false
BAIC,X55,2020,-,China,false
Bentley,Arnage,1999,2007,UK,false
Bentley,Azure,1999,2009,UK,false
Bentley,Bentayga,2015,-,UK,false
Bentley,Brooklands,2008,2011,UK,false
Bentley,Continental,2003,2020,UK,false
Bentley, Continental Flying Spur ,2005,2013,UK,false
Bentley, Continental GT ,2011,-,UK,false
Bentley, Continental GTC ,2011,-,UK,false
Bentley, Flying Spur ,2013,-,UK,false
Bentley,Mulsanne,2010,2020,UK,false
BMW, 1 series ,2004,-,Germany,true
BMW, 2 series ,2013,-,Germany,true
BMW, 3 series ,1982,-,Germany,true
BMW, 4 series ,2013,-,Germany,true
BMW, 5 series ,1988,-,Germany,true
BMW, 6 series ,2004,-,Germany,true
BMW, 7 series ,1995,-,Germany,true
BMW, 8 series ,1990,-,Germany,true
BMW,i3,2013,-,Germany,true
BMW,i4,2021,-,Germany,true
BMW,i5,2023,-,Germany,true
BMW,i7,2022,-,Germany,true
BMW,i8,2014,2020,Germany,true
BMW,iX,2021,-,Germany,true
BMW,iX1,2022,-,Germany,true
BMW,iX2,2024,-,Germany,true
BMW,iX3,2020,-,Germany,true
BMW,M2,2015,-,Germany,true
BMW,M3,1992,-,Germany,true
BMW,M4,2012,-,Germany,true
BMW,M5,1998,-,Germany,true
BMW,M6,2005,-,Germany,true
BMW,M8,2019,-,Germany,true
BMW,X1,2009,-,Germany,true
BMW,X2,2017,-,Germany,true
BMW,X3,2004,-,Germany,true
BMW, X3 M ,2019,-,Germany,true
BMW,X4,2014,-,Germany,true
BMW, X4 M ,2019,-,Germany,true
BMW,X5,2000,-,Germany,true
BMW, X5 M ,2009,-,Germany,true
BMW,X6,2008,-,Germany,true
BMW, X6 M ,2009,-,Germany,true
BMW,X7,2018,-,Germany,true
BMW,XM,2023,-,Germany,true
BMW,Z3,1996,2003,Germany,true
BMW,Z4,2002,-,Germany,true
BMW,Z8,2000,2006,Germany,true
Brilliance,H230,2012,2019,Other,false
Brilliance,V3,2014,2020,Other,false
Brilliance,V5,2011,2020,Other,false
Bugatti,Chiron,2015,2022,France,false
Bugatti,Divo,2019,2021,France,false
Bugatti,Veyron,2005,2015,France,false
Bugatti, W16 Mistral ,2022,-,France,false
Buick,Century,1997,2005,USA,false
Buick,Enclave,2007,-,USA,false
Buick,Encore,2020,-,USA,false
Buick,Envision,2014,-,USA,false
Buick, GL8 ES ,2021,-,USA,false
Buick, La Crosse ,2004,2016,USA,false
Buick,LaCrosse,2016,-,USA,false
Buick, Le Sabre ,1999,2005,USA,false
Buick,Lucerne,2005,2011,USA,false
Buick, Park Avenue ,1996,2012,USA,false
Buick,Rainier,2003,2007,USA,false
Buick,Regal,2009,-,USA,false
Buick,Rendezvouz,2001,2007,USA,false
Buick,Terraza,2005,2007,USA,false
Buick,Verano,2012,2016,USA,false
BYD,Dolphin,2021,-,China,false
BYD, Dolphin Plus ,2023,-,China,false
BYD,Han,2022,-,China,false
BYD,Qin,2014,2020,China,false
BYD,Seal,2022,-,China,false
Cadillac,ATS,2012,2019,USA,false
Cadillac,ATS-V,2016,2019,USA,false
Cadillac,BLS,2006,2010,USA,false
Cadillac,CT4,2020,-,USA,false
Cadillac,CT4-V,2020,-,USA,false
Cadillac,CT5,2019,-,USA,false
Cadillac,CT5-V,2020,-,USA,false
Cadillac,CT6,2016,-,USA,false
Cadillac,CTS,2002,2019,USA,false
Cadillac, De Ville ,2000,2005,USA,false
Cadillac,DTS,2006,2011,USA,false
Cadillac,Eldorado,1992,2002,USA,false
Cadillac,ELR,2013,2016,USA,false
Cadillac,Escalade,2002,-,USA,false
Cadillac,Lyriq,2023,-,USA,false
Cadillac,Seville,1998,2004,USA,false
Cadillac,SRX,2004,2016,USA,false
Cadillac,STS,2004,2012,USA,false
Cadillac,XLR,2003,2009,USA,false
Cadillac,XT4,2018,-,USA,false
Cadillac,XT5,2016,-,USA,false
Cadillac,XT6,2019,-,USA,false
Cadillac,XTS,2012,2019,USA,false
Changan,Alsvin,2018,-,China,false
Changan,CS35,2012,2021,China,false
Changan, CS35 Plus ,2018,-,China,false
Changan,CS55,2017,-,China,false
Changan, CS55 Plus ,2019,-,China,false
Changan,CS75,2013,-,China,false
Changan, CS75 Plus ,2019,-,China,false
Changan, CS85 Coupe ,2019,-,China,false
Changan,CS95,2017,-,China,false
Changan,Eado,2011,-,China,false
Changan, Eado Plus ,2020,-,China,false
Changan, Hunter Plus ,2023,-,China,false
Changan,Lamore,2023,-,China,false
Changan,Raeton,2013,2017,China,false
Changan, Raeton CC ,2017,-,China,false
Changan, Raeton Plus ,2021,-,China,false
Changan,Uni-K,2021,-,China,false
Changan,Uni-T,2020,-,China,false
Changan,Uni-V,2021,-,China,false
Chery,Amulet,2003,2010,China,false
Chery, Arrizo 5 Plus ,2021,-,China,false
Chery, Arrizo 6 ,2021,-,China,false
Chery, Arrizo 6 Pro ,2021,-,China,false
Chery, Arrizo 7 ,2013,2020,China,false
Chery, Arrizo 8 ,2022,-,China,false
Chery,Bonus,2011,2016,China,false
Chery, Bonus 3 ,2013,2016,China,false
Chery,CrossEastar,2006,2015,China,false
Chery,Eastar,2003,2015,China,false
Chery,eQ,2015,2020,China,false
Chery,eQ1,2017,2021,China,false
Chery,eQ5,2020,-,China,false
Chery,eQ7,2023,-,China,false
Chery,Fora,2006,2010,China,false
Chery,iCar,2022,-,China,false
Chery,IndiS,2011,2016,China,false
Chery,Kimo,2008,-,China,false
Chery,M11,2008,2017,China,false
Chery, Omoda 5 ,2022,-,China,false
Chery,QQ,2003,-,China,false
Chery,QQ3,2003,2018,China,false
Chery,QQ6,2006,2010,China,false
Chery,Tiggo,2006,2016,China,false
Chery, Tiggo 2 ,2017,-,China,false
Chery, Tiggo 2 Pro ,2020,-,China,false
Chery, Tiggo 3 ,2014,-,China,false
Chery, Tiggo 4 ,2017,-,China,false
Chery, Tiggo 4 Pro ,2021,-,China,false
Chery, Tiggo 5 ,2014,-,China,false
Chery, Tiggo 7 ,2016,-,China,false
Chery, Tiggo 7 Pro ,2020,-,China,false
Chery, Tiggo 7 Pro Max ,2023,-,China,false
Chery, Tiggo 8 ,2018,-,China,false
Chery, Tiggo 8 Plus ,2020,-,China,false
Chery, Tiggo 8 Pro ,2021,-,China,false
Chery, Tiggo 8 Pro Max ,2021,-,China,false
Chery, Tiggo 9 ,2023,-,China,false
Chery, Tiggo e ,2019,2021,China,false
Chery,Very,2011,2016,China,false
Chevrolet,Astro,1995,2005,USA,true
Chevrolet,Avalanche,2002,2013,USA,true
Chevrolet,Aveo,2004,2020,USA,true
Chevrolet,Beat,2010,2022,USA,true
Chevrolet,Blazer,1994,2005,USA,true
Chevrolet,Bolt,2017,-,USA,true
Chevrolet, Bolt EUV ,2021,-,USA,true
Chevrolet,Camaro,1998,-,USA,true
Chevrolet,Captiva,2006,2018,USA,true
Chevrolet,Cavalier,1995,2005,USA,true
Chevrolet,Cobalt,2005,-,USA,true
Chevrolet,Colorado,2004,-,USA,true
Chevrolet,Corvette,2005,-,USA,true
Chevrolet,Cruze,2009,-,USA,true
Chevrolet,Epica,2006,2012,USA,true
Chevrolet,Equinox,2005,-,USA,true
Chevrolet,Express,2003,-,USA,true
Chevrolet,HHR,2006,2011,USA,true
Chevrolet,Impala,2006,2020,USA,true
Chevrolet,Lacetti,2002,2012,USA,true
Chevrolet,Lanos,1997,2012,USA,true
Chevrolet,Malibu,2004,-,USA,true
Chevrolet, Monte Carlo ,2005,2007,USA,true
Chevrolet,Niva,2002,2020,USA,true
Chevrolet,Orlando,2011,2018,USA,true
Chevrolet,Rezzo,2000,2012,USA,true
Chevrolet,Silverado,1999,-,USA,true
Chevrolet, Silverado 1500 ,1999,-,USA,true
Chevrolet, Silverado 2500 HD ,2001,-,USA,true
Chevrolet,Spark,2005,-,USA,true
Chevrolet,SSR,2003,2006,USA,true
Chevrolet,Suburban,2001,-,USA,true
Chevrolet,Tahoe,2000,-,USA,true
Chevrolet,TrailBlazer,2002,-,USA,true
Chevrolet,Traverse,2009,-,USA,true
Chevrolet,Trax,2013,-,USA,true
Chevrolet,Uplander,2005,2009,USA,true
Chevrolet,Venture,1996,2005,USA,true
Chrysler,200,2010,2017,USA,false
Chrysler,300,2004,-,USA,false
Chrysler,300M,1998,2004,USA,false
Chrysler,Aspen,2006,2009,USA,false
Chrysler,Concorde,1998,2004,USA,false
Chrysler,Crossfire,2003,2007,USA,false
Chrysler, Grand Caravan ,2021,-,USA,false
Chrysler, Grand Voyager ,2008,2015,USA,false
Chrysler,Pacifica,2004,-,USA,false
Chrysler, PT Cruiser ,2000,2010,USA,false
Chrysler,Sebring,2000,2010,USA,false
Chrysler, Town & Country ,2008,2016,USA,false
Chrysler,Voyager,1995,2022,USA,false
Citroen,Berlingo,1996,-,France,false
Citroen,C-Crosser,2007,2012,France,false
Citroen,C-Elysee,2012,2020,France,false
Citroen,C1,2005,2022,France,false
Citroen,C2,2003,2009,France,false
Citroen,C3,2002,-,France,false
Citroen, C3 Aircross ,2017,-,France,false
Citroen, C3 Picasso ,2009,2017,France,false
Citroen, C3 Pluriel ,2003,2010,France,false
Citroen,C4,2004,-,France,false
Citroen, C4 Aircross ,2012,2017,France,false
Citroen, C4 Cactus ,2014,-,France,false
Citroen, C4 Picasso ,2006,2021,France,false
Citroen, C4 SpaceTourer ,2018,2021,France,false
Citroen, C4 X ,2022,-,France,false
Citroen,C5,2001,-,France,false
Citroen, C5 Aircross ,2017,-,France,false
Citroen, C5 X ,2021,-,France,false
Citroen,C6,2004,2012,France,false
Citroen,C8,2002,2014,France,false
Citroen, DS 7 Crossback ,2018,-,France,false
Citroen, DS 9 ,2020,-,France,false
Citroen,DS3,2009,2019,France,false
Citroen,DS4,2010,2018,France,false
Citroen,DS5,2011,2018,France,false
Citroen, Grand C4 Picasso ,2006,2021,France,false
Citroen, Grand C4 SpaceTourer ,2018,2022,France,false
Citroen,Jumper,2014,-,France,false
Citroen,Jumpy,2007,2016,France,false
Citroen,Nemo,2008,2018,France,false
Citroen,Saxo,1996,2004,France,false
Citroen,Spacetourer,2016,-,France,false
Citroen,Xsara,1997,2006,France,false
Citroen, Xsara Picasso ,1999,2012,France,false
Dacia,Dokker,2012,2021,France,false
Dacia,Jogger,2021,-,France,false
Dacia,Lodgy,2012,2022,France,false
Dacia,Solenza,2003,2005,France,false
Dacia,Spring,2021,-,France,false
Dacia,SupeRNova,2000,2003,France,false
Daewoo,Evanda,2002,2007,South Korea,false
Daewoo,Kalos,2002,2007,South Korea,false
Daewoo,Leganza,1997,2002,South Korea,false
Daewoo,Magnus,2000,2006,South Korea,false
Daewoo,Matiz,2000,2015,South Korea,false
Daewoo,Nexia,1995,2016,South Korea,false
Daewoo,Nubira,1997,2008,South Korea,false
Daihatsu,Applause,1997,2000,Japan,false
Daihatsu,Cast,2015,2023,Japan,false
Daihatsu,Copen,2002,-,Japan,false
Daihatsu,Cuore,2003,2011,OJapanther,false
Daihatsu, Gran Move ,1996,2002,Japan,false
Daihatsu,Luxio,2009,-,Japan,false
Daihatsu,Materia,2006,2012,Japan,false
Daihatsu,Mebius,2013,2021,Japan,false
Daihatsu,Move,2014,-,Japan,false
Daihatsu,Rocky,2019,-,Japan,false
Daihatsu,Sirion,1998,2004,Japan,false
Daihatsu,Terios,1997,2017,Japan,false
Daihatsu,Trevis,2006,2011,Japan,false
Daihatsu,YRV,2000,2005,Japan,false
Datsun,mi-DO,2014,2021,Japan,false
Datsun,on-DO,2014,2021,Japan,false
Dodge,Avenger,1994,-,USA,false
Dodge,Caliber,2006,2012,USA,false
Dodge, Caliber SRT4 ,2007,2010,USA,false
Dodge,Caravan,1995,2016,USA,false
Dodge,Challenger,2008,-,USA,false
Dodge,Charger,2006,-,USA,false
Dodge,Dakota,2005,2011,USA,false
Dodge,Dart,2012,2017,USA,false
Dodge,Durango,1998,-,USA,false
Dodge,Hornet,2023,-,USA,false
Dodge,Intrepid,1998,2004,USA,false
Dodge,Journey,2008,2020,USA,false
Dodge,Magnum,2004,2008,USA,false
Dodge,Neon,2000,2020,USA,false
Dodge,Nitro,2007,2012,USA,false
Dodge, Ram 1500 ,2001,-,USA,false
Dodge, Ram 2500 ,2002,-,USA,false
Dodge, Ram 3500 ,2002,-,USA,false
Dodge, Ram SRT10 ,2004,2007,USA,false
Dodge,Stratus,2001,2006,USA,false
Dodge,Viper,1996,2017,USA,false
Dongfeng,580,2016,-,China,false
Dongfeng,A30,2014,2017,China,false
Dongfeng, Aeolus AX7 ,2022,-,China,false
Dongfeng, Aeolus Yixuan MAX ,2021,-,China,false
Dongfeng,AX7,2014,2020,China,false
Dongfeng, Fengon 5 ,2020,-,China,false
Dongfeng, Fengon 7 ,2020,-,China,false
Dongfeng, H30 Cross ,2013,2018,China,false
Dongfeng, Rich 6 ,2018,-,China,false
Exeed,TXL,2019,-,China,false
Exeed,VX,2020,-,China,false
FAW, Bestune B70 ,2020,-,China,false
FAW, Bestune T55 ,2021,-,China,false
FAW, Bestune T77 ,2019,-,China,false
FAW, Bestune T99 ,2020,-,China,false
FAW, Besturn B30 ,2016,2020,China,false
FAW, Besturn B50 ,2009,2016,China,false
FAW, Besturn X40 ,2017,-,China,false
FAW, Besturn X80 ,2014,-,China,false
FAW,Oley,2012,2018,China,false
FAW,Vita,2006,2012,China,false
Ferrari,296,2022,-,Italy,false
Ferrari,348,1993,1995,Italy,false
Ferrari,360,1999,2005,Italy,false
Ferrari,456,1992,2003,Italy,false
Ferrari,458,2009,2016,Italy,false
Ferrari,488,2015,2020,Italy,false
Ferrari,512,1991,2004,Italy,false
Ferrari,550,1996,2002,Italy,false
Ferrari, 575 M ,2002,2006,Italy,false
Ferrari, 599 GTB Fiorano ,2006,2012,Italy,false
Ferrari, 599 GTO ,2010,2012,Italy,false
Ferrari,612,2004,2011,Italy,false
Ferrari,812,2017,-,Italy,false
Ferrari,California,2008,2014,Italy,false
Ferrari, California T ,2014,2017,Italy,false
Ferrari, Challenge Stradale ,2003,2003,Italy,false
Ferrari,Enzo,2002,2004,Italy,false
Ferrari,F12,2012,2017,Italy,false
Ferrari,F355,1994,1999,Italy,false
Ferrari,F430,2004,2010,Italy,false
Ferrari,F50,1995,1997,Italy,false
Ferrari, F512 M ,1994,1996,Italy,false
Ferrari, F8 Spider ,2019,2023,Italy,false
Ferrari, F8 Tributo ,2019,2023,Italy,false
Ferrari,FF,2011,2017,Italy,false
Ferrari, GTC4 Lusso ,2016,2020,Italy,false
Ferrari,LaFerrari,2013,2015,Italy,false
Ferrari,Portofino,2017,2021,Italy,false
Ferrari, Portofino M ,2020,-,Italy,false
Ferrari,Roma,2020,-,Italy,false
Ferrari, SF90 Spider ,2020,-,Italy,false
Ferrari, SF90 Stradale ,2019,-,Italy,false
Fiat, 124 Spider ,2015,2020,Italy,false
Fiat,500,2007,-,Italy,false
Fiat,500L,2012,2022,Italy,false
Fiat,500X,2014,-,Italy,false
Fiat,600e,2023,-,Italy,false
Fiat,695,2023,-,Italy,false
Fiat,Albea,2002,2012,Italy,false
Fiat,Argo,2017,-,Italy,false
Fiat,Brava,1995,2003,Italy,false
Fiat,Bravo,1995,2016,Italy,false
Fiat,Coupe,1993,2009,Italy,false
Fiat,Croma,2005,2011,Italy,false
Fiat,Doblo,2001,-,Italy,false
Fiat,Ducato,2006,-,Italy,false
Fiat,E-Doblo,2022,-,Italy,false
Fiat,E-Ulysse,2022,-,Italy,false
Fiat,Egea,2015,-,Italy,false
Fiat,Freemont,2011,2016,Italy,false
Fiat, Grande Punto ,2005,2009,Italy,false
Fiat,Idea,2004,2016,Italy,false
Fiat,Linea,2007,2015,Italy,false
Fiat,Marea,1996,2006,Italy,false
Fiat,Multipla,1998,2010,Italy,false
Fiat,Palio,1996,2017,Italy,false
Fiat,Panda,2003,-,Italy,false
Fiat, Panda 4x4 ,2003,2012,Italy,false
Fiat, Panda Cross ,2014,-,Italy,false
Fiat,Pulse,2021,-,Italy,false
Fiat,Punto,1999,2018,Italy,false
Fiat,Qubo,2008,2021,Italy,false
Fiat,Sedici,2005,2014,Italy,false
Fiat,Siena,2014,2021,Italy,false
Fiat,Stilo,2001,2010,Italy,false
Fiat,Strada,2014,-,Italy,false
Fiat,Tipo,2015,-,Italy,false
Fiat,Ulysse,2002,2010,Italy,false
Fisker,Karma,2011,2012,Other,false
Ford,B-Max,2012,2017,USA,true
Ford,Bronco,2021,-,USA,true
Ford, Bronco Sport ,2021,-,USA,true
Ford,C-Max,2003,2019,USA,true
Ford,Cougar,1998,2004,USA,true
Ford, Crown Victoria ,1999,2011,USA,true
Ford,EcoSport,2003,-,USA,true
Ford,Edge,2007,-,USA,true
Ford,Endura,2018,2021,USA,true
Ford,Equator,2021,-,USA,true
Ford,Escape,2001,-,USA,true
Ford,Excursion,1999,2005,USA,true
Ford,Expedition,1998,-,USA,true
Ford,Explorer,1995,-,USA,true
Ford, Explorer Sport Trac ,2007,2010,USA,true
Ford,F-150,1992,-,USA,true
Ford, F-150 Lightning ,2022,-,USA,true
Ford,F-250,2011,-,USA,true
Ford,F-350,2017,-,USA,true
Ford,Falcon,2005,-,USA,true
Ford,Fiesta,2002,-,USA,true
Ford, Fiesta Active ,2018,-,USA,true
Ford, Five Hundred ,2005,2007,USA,true
Ford,Flex,2008,2019,USA,true
Ford,Focus,1998,-,USA,true
Ford, Focus Active ,2018,-,USA,true
Ford, Focus Electric ,2012,2018,USA,true
Ford,Freestar,2003,2009,USA,true
Ford,Freestyle,2004,2007,USA,true
Ford,Fusion,2002,2012,USA,true
Ford,Galaxy,1995,-,USA,true
Ford,Ka,2003,2021,USA,true
Ford,Kuga,2008,-,USA,true
Ford,Maverick,1992,2009,USA,true
Ford,Mondeo,2000,-,USA,true
Ford,Mustang,1995,-,USA,true
Ford, Mustang Mach-E ,2020,-,USA,true
Ford, Mustang Shelby GT350 ,2016,-,USA,true
Ford, Mustang Shelby GT500 ,2020,-,USA,true
Ford,Puma,1997,-,USA,true
Ford,Ranger,2006,-,USA,true
Ford,S-Max,2006,-,USA,true
Ford,Taurus,2000,-,USA,true
Ford, Taurus X ,2007,2009,USA,true
Ford,Thunderbird,2000,2006,USA,true
Ford, Tourneo Connect ,2002,-,USA,true
Ford,Transit,2001,-,USA,true
Ford, Transit Connect ,2002,-,USA,true
Foton,Sauvana,2015,2020,China,false
Foton, Tunland G7 ,2019,-,China,false
GAC,GM8,2018,2023,China,false
GAC,GN8,2020,-,China,false
GAC,GS5,2011,-,OthChinaer,false
GAC,GS8,2017,-,China,false
GAZ,3102,1997,2009,Russia,false
GAZ,31105,1997,2009,Russia,false
GAZ,Gazelle,1994,2010,Russia,false
GAZ, Gazelle Business ,2010,-,Russia,false
GAZ, Gazelle Next ,2013,-,Russia,false
GAZ, Gazelle NN ,2019,-,Russia,false
GAZ, Gazelle Sity ,2020,-,Russia,false
GAZ,Siber,2008,2010,Russia,false
GAZ,Sobol,2002,-,Russia,false
GAZ, Sobol NN ,2023,-,Russia,false
Geely,Atlas,2017,-,China,false
Geely, Atlas Pro ,2021,-,China,false
Geely,Azkarra,2019,-,China,false
Geely, Belgee X50 ,2023,-,China,false
Geely,Coolray,2018,-,China,false
Geely,Emgrand,2021,-,China,false
Geely, Emgrand 7 ,2016,2022,China,false
Geely, Emgrand EC7 ,2009,2017,China,false
Geely, Emgrand GS ,2016,2022,China,false
Geely, Emgrand GSe ,2018,2022,China,false
Geely, Emgrand X7 ,2011,2021,China,false
Geely,GC9,2015,2019,China,false
Geely, Geometry C ,2019,-,China,false
Geely,GС6,2014,2016,China,false
Geely,MK,2008,2019,China,false
Geely,Monjaro,2021,-,China,false
Geely,Okavango,2020,-,China,false
Geely,Otaka,2006,2009,China,false
Geely,Preface,2020,-,China,false
Geely,Tugella,2019,-,China,false
Geely,Vision,2006,2013,China,false
Genesis,G70,2018,-,South Korea,false
Genesis,G80,2017,-,South Korea,false
Genesis,G90,2016,-,South Korea,false
Genesis,GV60,2021,-,South Korea,false
Genesis,GV70,2020,-,South Korea,false
Genesis,GV80,2020,-,South Korea,false
GMC,Acadia,2007,-,USA,false
GMC,Canyon,2004,-,USA,false
GMC,Envoy,2001,2009,USA,false
GMC, Hummer EV ,2022,-,USA,false
GMC, Sierra 1500 ,1999,-,USA,false
GMC, Sierra 2500 ,1999,-,USA,false
GMC, Sierra 3500 ,2020,-,USA,false
GMC,Terrain,2010,-,USA,false
GMC,Yukon,2000,-,USA,false
 Great Wall ,Cowry,2007,2014,China,false
 Great Wall ,Deer,2003,2013,China,false
 Great Wall ,Hover,2005,2020,China,false
 Great Wall , Hover M2 ,2010,2014,China,false
 Great Wall ,Pegasus,2005,2007,China,false
 Great Wall ,Peri,2007,2015,China,false
 Great Wall ,Poer,2020,-,China,false
 Great Wall , Poer King Kong ,2022,-,China,false
 Great Wall ,Safe,2002,2010,China,false
 Great Wall ,Sailor,2004,2012,China,false
 Great Wall ,Sing,2004,2012,China,false
 Great Wall ,Socool,2004,2012,China,false
 Great Wall ,Wingle,2008,2021,China,false
 Great Wall , Wingle 7 ,2018,2021,China,false
Haval, Cool Dog ,2022,-,China,false
Haval,Dargo,2020,-,China,false
Haval, Dargo X ,2023,-,China,false
Haval,F7,2018,-,China,false
Haval,F7x,2019,-,China,false
Haval,H4,2018,2021,China,false
Haval,H6,2017,-,China,false
Haval,H9,2015,-,China,false
Haval,Jolion,2021,-,China,false
Haval, M6 Plus ,2021,-,China,false
Holden,Commodore,2004,2017,Other,false
Holden, Corvette C8 ,2020,2021,Other,false
Honda,Accord,1998,-,Japan,true
Honda,Amaze,2011,-,Japan,true
Honda,City,2014,-,Japan,true
Honda,Civic,2001,-,Japan,true
Honda, Civic Type R ,2015,-,Japan,true
Honda,CR-V,1995,-,Japan,true
Honda,CR-Z,2010,2016,Japan,true
Honda,Crosstour,2010,2015,Japan,true
Honda,e,2020,-,Japan,true
Honda,Edix,2004,2009,Japan,true
Honda,Element,2003,2011,Japan,true
Honda,Fit,2001,2022,Japan,true
Honda,FR-V,2004,2009,Japan,true
Honda,HR-V,1998,2022,Japan,true
Honda,Insight,1999,-,Japan,true
Honda,Jade,2013,2020,Japan,true
Honda,Jazz,2001,-,Japan,true
Honda, Jazz Crosstar ,2020,-,Japan,true
Honda,Legend,2006,2021,Japan,true
Honda,Odyssey,1999,2017,Japan,true
Honda,Passport,2019,-,Japan,true
Honda,Pilot,2002,-,Japan,true
Honda,Prelude,1996,2001,Japan,true
Honda,Ridgeline,2005,2014,Japan,true
Honda,S2000,1999,2009,Japan,true
Honda,Shuttle,1994,2002,Japan,true
Honda,Stepwgn,2022,-,Japan,true
Honda,Stream,2001,2015,Japan,true
Honda,Vezel,2013,-,Japan,true
Hongqi,E-HS9,2020,-,China,false
Hongqi,H5,2022,-,China,false
Hummer,H1,1992,2006,USA,false
Hummer,H2,2003,2010,USA,false
Hummer,H3,2005,-,USA,false
Hyundai,Accent,2000,-, South Korea ,true
Hyundai, Atos Prime ,1999,2014, South Korea ,true
Hyundai,Azera,2006,2011, South Korea ,true
Hyundai,Bayon,2021,-, South Korea ,true
Hyundai,Centennial,1999,2008, South Korea ,true
Hyundai,Creta,2015,-, South Korea ,true
Hyundai, Creta Grand ,2021,-, South Korea ,true
Hyundai,Elantra,2000,-, South Korea ,true
Hyundai,Entourage,2007,2007, South Korea ,true
Hyundai,Eon,2011,2019, South Korea ,true
Hyundai,Equus,2009,2016, South Korea ,true
Hyundai,Galloper,1998,2003, South Korea ,true
Hyundai,Genesis,2008,2016, South Korea ,true
Hyundai, Genesis Coupe ,2008,2016, South Korea ,true
Hyundai,Getz,2002,2011, South Korea ,true
Hyundai,Grandeur,2005,2017, South Korea ,true
Hyundai,H-1,1998,-, South Korea ,true
Hyundai,i10,2008,-, South Korea ,true
Hyundai,i20,2008,-, South Korea ,true
Hyundai, i20 N ,2021,-, South Korea ,true
Hyundai,i30,2007,-, South Korea ,true
Hyundai, i30 N ,2017,-, South Korea ,true
Hyundai,i40,2011,2019, South Korea ,true
Hyundai,Ioniq,2016,-, South Korea ,true
Hyundai, Ioniq 5 ,2021,-, South Korea ,true
Hyundai, Ioniq 6 ,2022,-, South Korea ,true
Hyundai,ix20,2010,2020, South Korea ,true
Hyundai,ix35,2010,2018, South Korea ,true
Hyundai,Kona,2017,-, South Korea ,true
Hyundai, Kona N ,2021,-, South Korea ,true
Hyundai,Kusto,2021,-, South Korea ,true
Hyundai,Matrix,2001,2014, South Korea ,true
Hyundai,Mistra,2021,-, South Korea ,true
Hyundai,Nexo,2018,-, South Korea ,true
Hyundai,Palisade,2018,-, South Korea ,true
Hyundai,Porter,1996,-, South Korea ,true
Hyundai, Santa Cruz ,2022,-, South Korea ,true
Hyundai, Santa Fe ,2001,-, South Korea ,true
Hyundai,Solaris,2010,-, South Korea ,true
Hyundai,Sonata,1998,-, South Korea ,true
Hyundai,Staria,2021,-, South Korea ,true
Hyundai,Terracan,2001,2007, South Korea ,true
Hyundai,Trajet,2000,2008, South Korea ,true
Hyundai,Tucson,2004,-, South Korea ,true
Hyundai,Veloster,2011,-, South Korea ,true
Hyundai,Venue,2019,-, South Korea ,true
Hyundai,Veracruz,2007,2015, South Korea ,true
Hyundai,Verna,2005,2011, South Korea ,true
Hyundai,Xcent,2014,2021, South Korea ,true
Hyundai,XG,1998,2005, South Korea ,true
Infiniti,EX,2008,2014,Japan,false
Infiniti,FX,2003,2014,Japan,false
Infiniti,G,2003,2014,Japan,false
Infiniti,I35,2002,2004,Japan,false
Infiniti,JX,2012,2013,Japan,false
Infiniti,M,2001,2013,Japan,false
Infiniti,Q30,2016,2021,Japan,false
Infiniti,Q40,2014,2015,Japan,false
Infiniti,Q45,2002,2007,Japan,false
Infiniti,Q50,2013,-,Japan,false
Infiniti,Q60,2013,-,Japan,false
Infiniti,Q70,2013,2021,Japan,false
Infiniti,QX30,2016,2020,Japan,false
Infiniti,QX4,1997,2003,Japan,false
Infiniti,QX50,2013,-,Japan,false
Infiniti,QX55,2021,-,Japan,false
Infiniti,QX56,2004,2013,Japan,false
Infiniti,QX60,2013,-,Japan,false
Infiniti,QX70,2013,2017,Japan,false
Infiniti,QX80,2013,-,Japan,false
Isuzu,Ascender,2002,2008,Other,false
Isuzu,Axiom,2002,2004,Other,false
Isuzu,D-Max,2011,-,Other,false
Isuzu, D-Max Rodeo ,2007,2007,Other,false
Isuzu,I280,2005,2006,Other,false
Isuzu,I290,2007,2007,Other,false
Isuzu,I350,2005,2006,Other,false
Isuzu,I370,2007,2007,Other,false
Isuzu,mu-X,2020,-,Other,false
Isuzu,Rodeo,1998,2004,Other,false
Isuzu,Trooper,1992,2002,Other,false
Isuzu,VehiCross,1997,2001,Other,false
Iveco,Daily,2006,-,Other,false
Jac,iEV7S,2017,-,China,false
Jac,J7,2020,-,China,false
Jac,JS3,2021,-,China,false
Jac,JS4,2021,-,China,false
Jac,JS6,2022,-,China,false
Jac, S3 Pro ,2020,-,China,false
Jac,T6,2015,-,China,false
Jac,T8,2018,-,China,false
Jac, T8 Pro ,2020,-,China,false
Jac,T9,2023,-,China,false
Jaecoo,J8,2024,-,China,false
Jaguar,E-Pace,2017,-,UK,false
Jaguar,F-Pace,2015,-,UK,false
Jaguar,F-Type,2013,-,UK,false
Jaguar,I-Pace,2018,-,UK,false
Jaguar,S-Type,1998,2008,UK,false
Jaguar,X-Type,2001,2009,UK,false
Jaguar,XE,2015,-,UK,false
Jaguar,XF,2007,-,UK,false
Jaguar,XJ,1997,-,UK,false
Jaguar,XK/XKR,2002,2015,UK,false
Jeep,Cherokee,2002,-,USA,false
Jeep,Commander,2006,-,USA,false
Jeep,Compass,2007,-,USA,false
Jeep,Gladiator,2019,-,USA,false
Jeep, Grand Cherokee ,1999,-,USA,false
Jeep, Grand Wagoneer ,2022,-,USA,false
Jeep,Liberty,2006,2013,USA,false
Jeep,Meridian,2021,-,USA,false
Jeep,Patriot,2006,2016,USA,false
Jeep,Renegade,2014,-,USA,false
Jeep,Wagoneer,2021,-,USA,false
Jeep,Wrangler,1997,-,USA,false
Jetour,Dashing,2022,-,China,false
Jetour,Traveler,2023,-,China,false
Jetour, X70 Plus ,2022,-,China,false
Jetour, X90 Plus ,2021,-,China,false
Kaiyi,E5,2021,-,China,false
Kia,Carens,2002,-, South Korea ,true
Kia,Carnival,1999,-, South Korea ,true
Kia,Ceed,2006,-, South Korea ,true
Kia,Cerato,2004,-, South Korea ,true
Kia,Clarus,1998,2001, South Korea ,true
Kia,EV6,2021,-, South Korea ,true
Kia,EV9,2023,-, South Korea ,true
Kia,Forte,2008,-, South Korea ,true
Kia,K5,2020,-, South Korea ,true
Kia,K8,2021,-, South Korea ,true
Kia,K9,2021,-, South Korea ,true
Kia,K900,2014,-, South Korea ,true
Kia,Magentis,2001,2010, South Korea ,true
Kia,Mohave,2008,-, South Korea ,true
Kia,Niro,2016,-, South Korea ,true
Kia,Opirus,2003,2010, South Korea ,true
Kia,Optima,2010,2020, South Korea ,true
Kia,Picanto,2004,-, South Korea ,true
Kia,ProCeed,2019,-, South Korea ,true
Kia,Quoris,2012,2018, South Korea ,true
Kia,Ray,2011,-, South Korea ,true
Kia,Rio,2000,-, South Korea ,true
Kia, Rio X ,2020,-, South Korea ,true
Kia, Rio X-Line ,2017,2021, South Korea ,true
Kia,Seltos,2019,-, South Korea ,true
Kia,Shuma,1997,2005, South Korea ,true
Kia,Sonet,2020,-, South Korea ,true
Kia,Sorento,2002,-, South Korea ,true
Kia, Sorento Prime ,2015,2020, South Korea ,true
Kia,Soul,2009,-, South Korea ,true
Kia,Spectra,2005,2009, South Korea ,true
Kia,Sportage,1993,-, South Korea ,true
Kia,Stinger,2017,-, South Korea ,true
Kia,Stonic,2017,-, South Korea ,true
Kia,Telluride,2019,-, South Korea ,true
Kia,Venga,2009,2019, South Korea ,true
Kia,XCeed,2019,-, South Korea ,true
Lamborghini,Aventador,2011,2022,Italy,false
Lamborghini,Centenario,2016,2017,Italy,false
Lamborghini,Diablo,1991,2001,Italy,false
Lamborghini,Gallardo,2003,2014,Italy,false
Lamborghini,Huracan,2014,-,Italy,false
Lamborghini,Murcielago,2003,2010,Italy,false
Lamborghini,Reventon,2008,2008,Italy,false
Lamborghini,Sian,2021,-,Italy,false
Lamborghini,Urus,2018,-,Italy,false
Lancia,Delta,2008,2014,Italy,false
Lancia,Lybra,1999,2007,Italy,false
Lancia,Musa,2004,2012,Italy,false
Lancia,Phedra,2002,2010,Italy,false
Lancia,Thema,2011,2014,Italy,false
Lancia,Thesis,2001,2009,Italy,false
Lancia,Ypsilon,2003,-,Italy,false
 Land Rover ,Defender,2007,-,UK,false
 Land Rover ,Discovery,1998,-,UK,false
 Land Rover , Discovery Sport ,2014,-,UK,false
 Land Rover ,Evoque,2011,-,UK,false
 Land Rover ,Freelander,1998,2014,UK,false
 Land Rover , Range Rover ,1994,-,UK,false
 Land Rover , Range Rover Sport ,2004,-,UK,false
 Land Rover , Range Rover Velar ,2017,-,UK,false
Lexus,CT,2010,2022,Japan,false
Lexus,ES,2001,-,Japan,false
Lexus,GS,1997,2022,Japan,false
Lexus,GX,2002,-,Japan,false
Lexus,HS,2009,-,Japan,false
Lexus,IS,1998,-,Japan,false
Lexus,LBX,2023,-,Japan,false
Lexus,LC,2017,-,Japan,false
Lexus,LFA,2010,2012,Japan,false
Lexus,LM,2019,-,Japan,false
Lexus,LS,1995,-,Japan,false
Lexus,LX,1998,-,Japan,false
Lexus,NX,2014,-,Japan,false
Lexus,RC,2014,-,Japan,false
Lexus, RC F ,2014,-,Japan,false
Lexus,RX,1997,-,Japan,false
Lexus,RZ,2023,-,Japan,false
Lexus,SC,1999,2010,Japan,false
Lexus,TX,2023,-,Japan,false
Lexus,UX,2018,-,Japan,false
Lifan,Breez,2007,2012,China,false
Lifan,Cebrium,2013,2017,China,false
Lifan,Celliya,2013,2016,China,false
Lifan,Murman,2017,-,China,false
Lifan,Myway,2017,-,China,false
Lifan,Smily,2008,2018,China,false
Lifan,Solano,2008,-,China,false
Lifan,X50,2014,-,China,false
Lifan,X60,2011,-,China,false
Lifan,X70,2018,-,China,false
Lifan,X80,2017,2020,China,false
Lincoln,Aviator,2003,-,USA,false
Lincoln,Corsair,2019,-,USA,false
Lincoln, Mark LT ,2006,2007,USA,false
Lincoln,MKC,2014,2019,USA,false
Lincoln,MKS,2008,2016,USA,false
Lincoln,MKT,2009,2019,USA,false
Lincoln,MKX,2006,2018,USA,false
Lincoln,MKZ,2006,2020,USA,false
Lincoln,Nautilus,2019,-,USA,false
Lincoln,Navigator,1997,-,USA,false
Lincoln, Town Car ,1998,2011,USA,false
Lincoln,Zephyr,2006,2006,USA,false
Livan, S6 Pro ,2023,-,Other,false
Livan, X3 Pro ,2022,-,Other,false
Livan, X6 Pro ,2023,-,Other,false
LiXiang,L6,2024,-,China,false
LiXiang,L7,2023,-,China,false
LiXiang,L8,2022,-,China,false
LiXiang,L9,2022,-,China,false
LiXiang,Mega,2024,-,China,false
Lotus,Elise,2001,-,Other,false
Lotus,Emira,2022,-,Other,false
Lotus, Europa S ,2005,2010,Other,false
Lotus,Evora,2009,-,Other,false
Lotus,Exige,2001,2021,Other,false
Marussia,B1,2008,2014,Other,false
Marussia,B2,2010,2014,Other,false
Maserati, 3200 GT ,1998,2002,Italy,false
Maserati,Ghibli,2013,-,Italy,false
Maserati, Gran Cabrio ,2010,2019,Italy,false
Maserati, Gran Turismo ,2007,2019,Italy,false
Maserati, Gran Turismo S ,2008,2012,Italy,false
Maserati,Grecale,2022,-,Italy,false
Maserati,Levante,2016,-,Italy,false
Maserati,MC20,2020,-,Italy,false
Maserati,Quattroporte,2003,-,Italy,false
Maserati, Quattroporte S ,2007,2012,Italy,false
Maybach,57,2002,2012,Germany,false
Maybach, 57 S ,2007,2012,Germany,false
Maybach,62,2002,2012,Germany,false
Maybach, 62 S ,2007,2012,Germany,false
Maybach,Landaulet,2003,2012,Germany,false
Mazda,2,2003,-,Japan,true
Mazda, 2 Hybrid ,2021,-,Japan,true
Mazda,3,2003,-,Japan,true
Mazda,323,1998,2003,Japan,true
Mazda,5,2005,-,Japan,true
Mazda,6,2002,-,Japan,true
Mazda,626,1997,2001,Japan,true
Mazda,B-Series,1999,2006,Japan,true
Mazda,BT-50,2011,-,Japan,true
Mazda,CX-3,2015,-,Japan,true
Mazda,CX-30,2019,-,Japan,true
Mazda, CX-30 EV ,2021,-,Japan,true
Mazda,CX-4,2017,-,Japan,true
Mazda,CX-5,2012,-,Japan,true
Mazda,CX-50,2022,-,Japan,true
Mazda,CX-60,2022,-,Japan,true
Mazda,CX-7,2006,2012,Japan,true
Mazda,CX-8,2017,-,Japan,true
Mazda,CX-80,2024,-,Japan,true
Mazda,CX-9,2007,-,Japan,true
Mazda,MPV,1999,2016,Japan,true
Mazda,MX-30,2020,-,Japan,true
Mazda,MX-5,1998,-,Japan,true
Mazda,Premacy,1999,2006,Japan,true
Mazda,RX-7,1992,2002,Japan,true
Mazda,RX-8,2003,2012,Japan,true
Mazda,Tribute,2000,2007,Japan,true
McLaren,540C,2015,2021,Other,false
McLaren,570S,2015,2021,Other,false
McLaren,600LT,2018,2021,Other,false
McLaren,650S,2014,2017,Other,false
McLaren,675LT,2015,2017,Other,false
McLaren,720S,2017,-,Other,false
McLaren, 720S Spider ,2019,2022,Other,false
McLaren,765LT,2020,-,Other,false
McLaren,Artura,2021,-,Other,false
McLaren,MP4-12C,2011,2014,Other,false
McLaren,P1,2013,2016,Other,false
Mercedes,A-class,1997,-,Germany,false
Mercedes, AMG GT ,2014,-,Germany,false
Mercedes, AMG GT 4-Door ,2018,-,Germany,false
Mercedes,B-class,2005,-,Germany,false
Mercedes,C-class,1997,-,Germany,false
Mercedes, C-class Sport Coupe ,2001,2007,Germany,false
Mercedes,Citan,2012,-,Germany,false
Mercedes,CL-class,1992,2014,Germany,false
Mercedes,CLA-class,2013,-,Germany,false
Mercedes,CLC-class,2008,2011,Germany,false
Mercedes,CLK-class,1997,2010,Germany,false
Mercedes,CLS-class,2004,-,Germany,false
Mercedes,E-class,1995,-,Germany,false
Mercedes, E-class Coupe ,2017,-,Germany,false
Mercedes,EQA,2021,-,Germany,false
Mercedes,EQB,2021,-,Germany,false
Mercedes,EQC,2019,-,Germany,false
Mercedes,EQE,2022,-,Germany,false
Mercedes, EQE AMG ,2022,-,Germany,false
Mercedes,EQS,2021,-,Germany,false
Mercedes, EQS AMG ,2022,-,Germany,false
Mercedes,EQT,2023,-,Germany,false
Mercedes,EQV,2021,-,Germany,false
Mercedes,G-class,1996,-,Germany,false
Mercedes,GL-class,2006,2016,Germany,false
Mercedes,GLA-class,2013,-,Germany,false
Mercedes, GLA-class AMG ,2013,-,Germany,false
Mercedes,GLB-class,2019,-,Germany,false
Mercedes,GLC-class,2015,-,Germany,false
Mercedes, GLC-class AMG ,2015,-,Germany,false
Mercedes, GLC-class Coupe ,2016,-,Germany,false
Mercedes,GLE-class,2015,-,Germany,false
Mercedes, GLE-class AMG ,2015,-,OtheGermanyr,false
Mercedes, GLE-class Coupe ,2015,-,Germany,false
Mercedes,GLK-class,2008,2015,Germany,false
Mercedes,GLS-class,2015,-,Germany,false
Mercedes, GLS-class AMG ,2015,-,Germany,false
Mercedes,M-class,1997,-,Germany,false
Mercedes,R-class,2005,2012,Germany,false
Mercedes,S-class,1990,-,Germany,false
Mercedes, S-class Cabrio ,2015,2021,Germany,false
Mercedes, S-class Coupe ,2015,2021,Germany,false
Mercedes,SL-class,2001,2021,Germany,false
Mercedes, SL-Class AMG ,2022,-,Germany,false
Mercedes,SLC-class,2018,-,Germany,false
Mercedes,SLR-class,2003,2010,Germany,false
Mercedes, SLS AMG ,2010,2014,Germany,false
Mercedes,Sprinter,2000,-,Germany,false
Mercedes,Vaneo,2001,2006,Germany,false
Mercedes,Viano,2003,-,Germany,false
Mercedes,Vito,1999,2003,Germany,false
Mercedes,X-class,2018,-,Germany,false
Mercury, Grand Marquis ,2003,false
Mercury,Mariner,2005,2007,Other,false
Mercury,Milan,2006,2011,Other,false
Mercury,Montego,2004,2007,Other,false
Mercury,Monterey,1991,2007,Other,false
Mercury,Mountaineer,2003,2010,Other,false
Mercury,Sable,1995,2005,Other,false
MG,4,2022,-,Other,false
MG,Hector,2019,-,Other,false
MG,TF,2002,2011,Other,false
MG,VS,2022,-,Other,false
MG, XPower SV ,2003,2008,Other,false
MG,ZR,2001,2005,Other,false
MG,ZS,2001,2005,Other,false
MG, ZS EV ,2021,-,Other,false
MG,ZT,2001,2005,Other,false
MG,ZT-T,2001,2005,Other,false
Mini,Aceman,2024,-,UK,false
Mini,Clubman,2007,-,UK,false
Mini, Clubman S ,2007,2014,UK,false
Mini,Clubvan,2012,2014,UK,false
Mini,Cooper,2001,-,UK,false
Mini, Cooper Cabrio ,2001,-,UK,false
Mini, Cooper S ,2001,-,UK,false
Mini, Cooper S Cabrio ,2001,-,UK,false
Mini, Cooper S Countryman All4 ,2010,-,UK,false
Mini,Countryman,2010,-,UK,false
Mini,One,2001,-,UK,false
Mitsubishi, 3000 GT ,1992,2001,Japan,true
Mitsubishi,ASX,2010,-,Japan,true
Mitsubishi,Carisma,1995,2004,Japan,true
Mitsubishi,Colt,1995,2012,Japan,true
Mitsubishi,Dignity,2012,2017,Japan,true
Mitsubishi,Eclipse,1995,2007,Japan,true
Mitsubishi, Eclipse Cross ,2017,-,Japan,true
Mitsubishi,Endeavor,2004,2011,Japan,true
Mitsubishi,Galant,1996,2012,Japan,true
Mitsubishi,Grandis,2003,2011,Japan,true
Mitsubishi,i-MiEV,2009,2020,Japan,true
Mitsubishi,L200,1996,-,Japan,true
Mitsubishi,Lancer,1996,2017,Japan,true
Mitsubishi, Lancer Evo ,2001,2016,Japan,true
Mitsubishi,Mirage,2012,-,Japan,true
Mitsubishi,Outlander,2003,-,Japan,true
Mitsubishi, Outlander Sport ,2010,-,Japan,true
Mitsubishi, Outlander XL ,2006,2012,Japan,true
Mitsubishi,Pajero,1990,2021,Japan,true
Mitsubishi, Pajero Pinin ,1999,2007,Japan,true
Mitsubishi, Pajero Sport ,1998,-,Japan,true
Mitsubishi,Raider,2006,2007,Japan,true
Mitsubishi, Space Gear ,1995,2007,Japan,true
Mitsubishi, Space Runner ,1999,2004,Japan,true
Mitsubishi, Space Star ,1998,2004,Japan,true
Mitsubishi,Xpander,2017,-,Japan,true
Moskvich,3e,2022,-,Russia,false
Nissan,350Z,2002,2009,Japan,true
Nissan,370Z,2009,-,Japan,true
Nissan,Almera,2000,-,Japan,true
Nissan, Almera Classic ,2005,2012,Japan,true
Nissan, Almera Tino ,2000,2005,Japan,true
Nissan,Altima,2002,-,Japan,true
Nissan,Ariya,2020,-,Japan,true
Nissan,Armada,2003,-,Japan,true
Nissan, Bluebird Sylphy ,2000,2012,Japan,true
Nissan,e-NV200,2014,-,Japan,true
Nissan,Frontier,1998,-,Japan,true
Nissan,GT-R,2007,-,Japan,true
Nissan,Juke,2011,-,Japan,true
Nissan,Leaf,2010,-,Japan,true
Nissan,Maxima,2000,-,Japan,true
Nissan,Micra,2003,-,Japan,true
Nissan,Murano,2002,-,Japan,true
Nissan,Navara,2005,-,Japan,true
Nissan,Note,2005,-,Japan,true
Nissan,NP300,2008,2013,Japan,true
Nissan,Pathfinder,1997,-,Japan,true
Nissan,Patrol,1997,-,Japan,true
Nissan,Primera,1996,2008,Japan,true
Nissan,Qashqai,2007,-,Japan,true
Nissan,Qashqai+2,2008,2013,Japan,true
Nissan,Quest,2003,2017,Japan,true
Nissan,Rogue,2008,-,Japan,true
Nissan,Sentra,1999,-,Japan,true
Nissan,Skyline,2001,2005,Japan,true
Nissan,Sylphy,2012,2020,Japan,true
Nissan,Teana,2005,-,Japan,true
Nissan,Terrano,1993,-,Japan,true
Nissan,Tiida,2007,-,Japan,true
Nissan,Titan,2003,-,Japan,true
Nissan, Titan XD ,2016,-,Japan,true
Nissan,Townstar,2022,-,Japan,true
Nissan,X-Trail,2001,-,Japan,true
Nissan,XTerra,2001,2015,Japan,true
Nissan,Z,2003,-,Japan,true
Omoda, S5 GT ,2023,-,China,false
Opel,Adam,2013,2020,Germany,false
Opel,Agila,2000,2014,Germany,false
Opel,Ampera-e,2017,2021,Germany,false
Opel,Antara,2006,2015,Germany,false
Opel,Astra,1998,-,Germany,false
Opel, Astra GTC ,2011,2018,Germany,false
Opel, Astra OPC ,2011,2018,Germany,false
Opel,Cascada,2013,2019,Germany,false
Opel,Combo,2001,-,Germany,false
Opel, Combo Life ,2021,-,Germany,false
Opel,Corsa,2000,-,Germany,false
Opel, Corsa OPC ,2007,2018,Germany,false
Opel,Crossland,2020,-,Germany,false
Opel, Crossland X ,2017,2020,Germany,false
Opel,Frontera,1998,2004,Germany,false
Opel,Grandland,2021,-,Germany,false
Opel, Grandland X ,2017,-,Germany,false
Opel,Insignia,2008,-,Germany,false
Opel, Insignia OPC ,2009,2017,Germany,false
Opel,Karl,2014,2019,Germany,false
Opel,Meriva,2003,2017,Germany,false
Opel,Mokka,2012,-,Germany,false
Opel,Omega,1994,2004,Germany,false
Opel,Signum,2003,2008,Germany,false
Opel,Speedster,2000,2007,Germany,false
Opel,Tigra,1994,2009,Germany,false
Opel,Vectra,1995,2008,Germany,false
Opel,Vivaro,2014,-,Germany,false
Opel,Zafira,1999,2014,Germany,false
Opel, Zafira Life ,2019,-,Germany,false
Opel, Zafira Tourer ,2012,2020,Germany,false
Peugeot,1007,2004,2009,France,true
Peugeot,107,2005,2014,France,true
Peugeot,108,2014,-,France,true
Peugeot,2008,2013,-,France,true
Peugeot,206,1998,2012,France,true
Peugeot,207,2006,2014,France,true
Peugeot,208,2012,-,France,true
Peugeot,3008,2009,-,France,true
Peugeot,301,2012,-,France,true
Peugeot,307,2000,2011,France,true
Peugeot,308,2007,-,France,true
Peugeot,4007,2007,2012,France,true
Peugeot,4008,2012,-,France,true
Peugeot,406,1995,2004,France,true
Peugeot,407,2004,2010,France,true
Peugeot,408,2010,-,France,true
Peugeot,5008,2009,-,France,true
Peugeot,508,2011,-,France,true
Peugeot,607,2000,2010,France,true
Peugeot,807,2002,2014,France,true
Peugeot,Boxer,2008,2014,France,true
Peugeot,Expert,2016,-,France,true
Peugeot,Landtrek,2020,-,France,true
Peugeot,Manager,2017,-,France,true
Peugeot,Partner,1996,-,France,true
Peugeot, Partner Crossway ,2021,-,France,true
Peugeot, Partner Rapid ,2021,-,France,true
Peugeot, RCZ Sport ,2010,2015,France,true
Peugeot,Rifter,2018,-,France,true
Peugeot,Traveller,2016,-,France,true
Plymouth, Road Runner ,1968,1970,Other,false
Pontiac,Aztec,2001,2005,Other,false
Pontiac,Bonneville,1999,2005,Other,false
Pontiac,Firebird,1993,2002,Other,false
Pontiac, G5 Pursuit ,2004,2010,Other,false
Pontiac,G6,2004,2010,Other,false
Pontiac,G8,2008,2009,Other,false
Pontiac, Grand AM ,1998,2005,Other,false
Pontiac, Grand Prix ,1996,2008,Other,false
Pontiac,GTO,2004,2006,Other,false
Pontiac,Montana,1997,2009,Other,false
Pontiac,Solstice,2005,2010,Other,false
Pontiac,Sunfire,1995,2005,Other,false
Pontiac,Torrent,2005,2009,Other,false
Pontiac,Vibe,2002,2009,Other,false
Porsche, 718 Boxster ,2016,-,Germany,false
Porsche, 718 Cayman ,2016,-,Germany,false
Porsche,911,1997,-,Germany,false
Porsche,Boxster,1996,2016,Germany,false
Porsche,Cayenne,2002,-,Germany,false
Porsche,Cayman,2005,2016,Germany,false
Porsche,Macan,2014,-,Germany,false
Porsche,Panamera,2009,-,Germany,false
Porsche,Taycan,2020,-,Germany,false
Ravon,Gentra,2015,2019,Other,false
Renault,Alaskan,2016,2020,France,true
Renault,Arkana,2019,-,France,true
Renault,Austral,2022,-,France,true
Renault,Avantime,2001,2004,France,true
Renault,Captur,2013,-,France,true
Renault,Clio,1998,-,France,true
Renault,Duster,2010,-,France,true
Renault, Duster Oroch ,2015,2022,France,true
Renault,Espace,1996,-,France,true
Renault,Fluence,2010,2019,France,true
Renault, Grand Scenic ,2009,-,France,true
Renault,Kadjar,2015,-,France,true
Renault,Kangoo,1998,-,France,true
Renault,Kaptur,2016,2022,France,true
Renault,Kiger,2021,-,France,true
Renault,Koleos,2008,-,France,true
Renault,Laguna,1993,2015,France,true
Renault,Latitude,2010,2018,France,true
Renault,Logan,2004,-,France,true
Renault, Logan Stepway ,2018,2022,France,true
Renault,Master,2011,-,France,true
Renault,Megane,1996,-,France,true
Renault, Megane E-Tech ,2022,-,France,true
Renault,Modus,2004,2012,France,true
Renault,Rafale,2024,-,France,true
Renault,Sandero,2007,-,France,true
Renault, Sandero Stepway ,2008,2022,France,true
Renault,Scenic,1996,-,France,true
Renault,Symbol,2002,-,France,true
Renault,Taliant,2021,-,France,true
Renault,Talisman,2015,2022,France,true
Renault,Trafic,2001,-,France,true
Renault,Triber,2019,-,France,true
Renault,Twingo,1993,-,France,true
Renault,Twizy,2012,-,France,true
Renault, Vel Satis ,2002,2009,France,true
Renault,Wind,2010,2013,France,true
Renault,Zoe,2012,-,France,true
Rolls-Royce,Cullinan,2018,-,UK,false
Rolls-Royce,Dawn,2015,2022,UK,false
Rolls-Royce,Ghost,2009,-,UK,false
Rolls-Royce,Phantom,2003,-,UK,false
Rolls-Royce,Spectre,2023,-,UK,false
Rolls-Royce,Wraith,2013,2022,UK,false
Rover,25,1999,2008,UK,false
Rover,400,1996,2000,UK,false
Rover,45,2000,2008,UK,false
Rover,600,1999,2004,UK,false
Rover,75,1999,2005,UK,false
Rover,Streetwise,2003,2005,UK,false
Saab,9-2x,2004,2007,Sweden,false
Saab,9-3,2003,2014,Sweden,false
Saab,9-4x,2011,2012,Sweden,false
Saab,9-5,1997,2012,Sweden,false
Saab,9-7x,2005,2009,Sweden,false
Saturn,Aura,2007,-,Other,false
Saturn,Ion,2003,2007,Other,false
Saturn,LW,1998,2004,Other,false
Saturn,Outlook,2006,2010,Other,false
Saturn,Sky,2007,2010,Other,false
Saturn,Vue,2002,2007,Other,false
Scion,FR-S,2012,2016,Other,false
Scion,tC,2004,2016,Other,false
Scion,xA,2003,2007,Other,false
Scion,xB,2003,2015,Other,false
Scion,xD,2007,2014,Other,false
Seat,Alhambra,1998,-,Spain,false
Seat,Altea,2004,2015,Spain,false
Seat, Altea Freetrack ,2007,2015,Spain,false
Seat, Altea XL ,2007,2015,Spain,false
Seat,Arona,2017,-,Spain,false
Seat,Arosa,1997,2006,Spain,false
Seat,Ateca,2016,-,Spain,false
Seat,Cordoba,1999,2009,Spain,false
Seat,Exeo,2008,2013,Spain,false
Seat,Ibiza,2002,-,Spain,false
Seat,Leon,1999,-,Spain,false
Seat,Mii,2012,2021,Spain,false
Seat,Tarraco,2018,-,Spain,false
Seat,Toledo,2004,2018,Spain,false
Seres, Seres 3 ,2022,-,Spain,false
Skoda,Citigo,2011,2020,Germany,false
Skoda, Enyaq iV ,2020,-,Germany,false
Skoda,Fabia,1999,-,Germany,false
Skoda,Felicia,1995,2000,Germany,false
Skoda,Kamiq,2019,-,Germany,false
Skoda,Karoq,2017,-,Germany,false
Skoda,Kodiaq,2016,-,Germany,false
Skoda,Octavia,1995,-,Germany,false
Skoda, Octavia Scout ,2007,2013,Germany,false
Skoda, Octavia Tour ,2006,2013,Germany,false
Skoda,Praktik,2007,2015,Germany,false
Skoda,Rapid,2012,-,Germany,false
Skoda, Rapid Spaceback (NH1) ,2013,2020,Germany,false
Skoda,Roomster,2006,2015,Germany,false
Skoda,Scala,2019,-,Germany,false
Skoda,Superb,2002,-,Germany,false
Skoda,Yeti,2009,-,Germany,false
Smart,#1,2022,-,Other,false
Smart,Forfour,2004,-,Other,false
Smart,Fortwo,1997,-,Other,false
Smart,Roadster,2003,-,Other,false
Ssang Yong ,Actyon,2005,-,Other,false
 Ssang Yong , Actyon Sports ,2006,-,Other,false
 Ssang Yong ,Chairman,1997,-,Other,false
 Ssang Yong ,Korando,2002,-,Other,false
 Ssang Yong ,Kyron,2005,2016,Other,false
 Ssang Yong ,LUVi,2015,-,Other,false
 Ssang Yong ,Musso,1993,-,Other,false
 Ssang Yong , Musso Grand ,2020,-,Other,false
 Ssang Yong , Musso Sport ,2004,2007,Other,false
 Ssang Yong ,Rexton,2001,-,Other,false
 Ssang Yong , Rexton Sports ,2018,-,Other,false
 Ssang Yong ,Rodius,2004,2019,Other,false
 Ssang Yong ,Stavic,2013,-,Other,false
 Ssang Yong ,Tivoli,2015,-,Other,false
 Ssang Yong , Tivoli Grand ,2021,-,Other,false
 Ssang Yong ,XLV,2016,-,Other,false
Subaru,Ascent,2018,-,Japan,false
Subaru,Baja,2002,2007,Japan,false
Subaru,BRZ,2012,-,Japan,false
Subaru,Crosstrek,2018,-,Japan,false
Subaru,Exiga,2008,2015,Japan,false
Subaru,Forester,1997,-,Japan,false
Subaru,Impreza,1992,-,Japan,false
Subaru, Impreza WRX ,2001,2013,Japan,false
Subaru, Impreza WRX STI ,2000,2013,Japan,false
Subaru,Justy,1995,2006,Japan,false
Subaru,Legacy,1994,-,Japan,false
Subaru,Levorg,2014,-,Japan,false
Subaru,Outback,1997,-,Japan,false
Subaru,Solterra,2022,-,Japan,false
Subaru,Traviq,2001,2006,Japan,false
Subaru,Tribeca,2005,2014,Japan,false
Subaru,WRX,2014,-,Japan,false
Subaru,XV,2012,-,Japan,false
Suzuki,Alto,2002,-,Japan,false
Suzuki,Baleno,1995,-,Japan,false
Suzuki,Celerio,2014,2021,Japan,false
Suzuki,Ciaz,2014,-,Japan,false
Suzuki,Ertiga,2012,-,Japan,false
Suzuki, Grand Vitara ,1998,2014,Japan,false
Suzuki, Grand Vitara XL7 ,1998,2014,Japan,false
Suzuki,Ignis,2000,-,Japan,false
Suzuki,Jimny,1998,-,Japan,false
Suzuki,Kizashi,2009,2015,Japan,false
Suzuki,Liana,2002,2007,Japan,false
Suzuki,S-Presso,2019,-,Japan,false
Suzuki,Splash,2008,2016,Japan,false
Suzuki,Swift,2005,-,Japan,false
Suzuki,SX4,2006,2021,Japan,false
Suzuki,Vitara,2015,-,Japan,false
Suzuki, Wagon R ,2012,2017,Japan,false
Suzuki, Wagon R+ ,2000,2006,Japan,false
Suzuki,XL6,2019,-,Japan,false
Suzuki,XL7,2020,-,Japan,false
Tank,700,2024,-,China,false
Tesla, Model 3 ,2017,-,USA,false
Tesla, Model S ,2012,-,USA,false
Tesla, Model X ,2015,-,USA,false
Tesla, Model Y ,2019,-,USA,false
Toyota,4Runner,1995,-,Japan,true
Toyota,Alphard,2002,-,Japan,true
Toyota,Auris,2007,-,Japan,true
Toyota,Avalon,2000,-,Japan,true
Toyota,Avensis,1997,2018,Japan,true
Toyota, Avensis Verso ,2001,2010,Japan,true
Toyota,Aygo,2005,-,Japan,true
Toyota, Aygo X ,2021,-,Japan,true
Toyota,BZ4X,2022,-,Japan,true
Toyota,C+pod,2020,-,Japan,true
Toyota,C-HR,2016,-,Japan,true
Toyota,Caldina,2002,2007,Japan,true
Toyota,Camry,1996,-,Japan,true
Toyota,Celica,1999,2006,Japan,true
Toyota,Corolla,1995,-,Japan,true
Toyota, Corolla Cross ,2020,-,Japan,true
Toyota, Corolla Verso ,2002,2009,Japan,true
Toyota,Crown,2018,-,Japan,true
Toyota, FJ Cruiser ,2007,2016,Japan,true
Toyota,Fortuner,2004,-,Japan,true
Toyota, GT 86 ,2012,-,Japan,true
Toyota,Harrier,2013,-,Japan,true
Toyota,Hiace,2006,-,Japan,true
Toyota,Highlander,2000,-,Japan,true
Toyota,Hilux,2005,-,Japan,true
Toyota,iQ,2008,2016,Japan,true
Toyota,ist,2002,2016,Japan,true
Toyota, Land Cruiser ,1990,-,Japan,true
Toyota, Land Cruiser Prado ,2002,-,Japan,true
Toyota, Mark II ,2000,2004,Japan,true
Toyota,Mirai,2014,-,Japan,true
Toyota,MR2,1999,2007,Japan,true
Toyota,Picnic,1995,2001,Japan,true
Toyota,Previa,2000,-,Japan,true
Toyota,Prius,2003,-,Japan,true
Toyota, Prius Prime ,2017,-,Japan,true
Toyota,RAV4,1994,-,Japan,true
Toyota,Sequoia,2001,-,Japan,true
Toyota,Sienna,2002,-,Japan,true
Toyota,Supra,2019,-,Japan,true
Toyota,Tacoma,2005,-,Japan,true
Toyota,Tundra,1999,-,Japan,true
Toyota,Venza,2008,2016,Japan,true
Toyota,Verso,2009,-,Japan,true
Toyota,Vitz,2005,-,Japan,true
Toyota,Wish,2003,2017,Japan,true
Toyota,Yaris,1999,-,Japan,true
Toyota, Yaris Verso ,1999,2005,Japan,true
UAZ, 3153 Gusar ,1996,2013,Russia,false
UAZ, 3159 Bars ,1999,2005,Russia,false
UAZ,3160,1997,2005,Russia,false
UAZ, 3162 Simbir ,1999,2005,Russia,false
UAZ,Buhanka,1985,-,Russia,false
UAZ, Patriot Sport ,2010,2013,Russia,false
UAZ,Pickup,2008,-,Russia,false
UAZ,Profi,2017,-,Russia,false
UAZ,Патриот,2005,-,Russia,false
UAZ,Хантер,2003,-,Russia,false
VAZ,2101-2107,1976,2012,Russia,false
VAZ, 2108, 2109, 21099 ,1984,2004,Russia,false
VAZ, 2110, 2111, 2112 ,1996,2014,Russia,false
VAZ, 2113, 2114, 2115 ,1997,2015,Russia,false
VAZ, 4x4 Urban ,2014,2021,Russia,false
VAZ,Granta,2011,-,Russia,false
VAZ, Granta Cross ,2019,-,Russia,false
VAZ,Largus,2012,-,Russia,false
VAZ, Largus Cross ,2015,-,Russia,false
VAZ, Niva Bronto ,2021,-,Russia,false
VAZ, Niva Legend ,2021,-,Russia,false
VAZ, Niva Travel ,2021,-,Russia,false
VAZ, Vesta Cross ,2018,-,Russia,false
VAZ, Vesta Sport ,2018,-,Russia,false
VAZ, Vesta SW ,2017,-,Russia,false
VAZ,XRay,2016,-,Russia,false
VAZ, XRay Cross ,2018,-,Russia,false
VAZ,Веста,2015,-,Russia,false
VAZ,Калина,2004,2013,Russia,false
VAZ, Нива 4X4 ,1977,-,Russia,false
VAZ,Ока,1988,2008,Russia,false
VAZ,Приора,2007,2018,Russia,false
Volkswagen,Amarok,2010,-,Germany,true
Volkswagen,Arteon,2017,-,Germany,true
Volkswagen,Beetle,2011,-,Germany,true
Volkswagen,Bora,1998,2005,Germany,true
Volkswagen,Caddy,2004,-,Germany,true
Volkswagen,CC,2012,-,Germany,true
Volkswagen,Crafter,2008,-,Germany,true
Volkswagen,CrossGolf,2007,2009,Germany,true
Volkswagen,CrossPolo,2006,2009,Germany,true
Volkswagen,CrossTouran,2007,2015,Germany,true
Volkswagen,Eos,2006,2015,Germany,true
Volkswagen,Fox,2005,2011,Germany,true
Volkswagen,Golf,1991,-,Germany,true
Volkswagen,ID.3,2020,-,Germany,true
Volkswagen,ID.4,2020,-,Germany,true
Volkswagen, ID.4 X ,2021,-,Germany,true
Volkswagen,ID.5,2022,-,Germany,true
Volkswagen, ID.6 Crozz ,2021,-,Germany,true
Volkswagen, ID.6 X ,2021,-,Germany,true
Volkswagen,ID.7,2023,-,Germany,true
Volkswagen,ID.Buzz,2022,-,Germany,true
Volkswagen,Jetta,2005,-,Germany,true
Volkswagen,Lupo,1998,2005,Germany,true
Volkswagen,Multivan,2003,-,Germany,true
Volkswagen, New Beetle ,1998,2007,Germany,true
Volkswagen,Passat,2000,-,Germany,true
Volkswagen, Passat CC ,2008,2012,Germany,true
Volkswagen,Phaeton,2002,2016,Germany,true
Volkswagen,Pointer,1993,1997,Germany,true
Volkswagen,Polo,2001,-,Germany,true
Volkswagen,Routan,2008,2014,Germany,true
Volkswagen,Scirocco,2008,2017,Germany,true
Volkswagen,Sharan,1995,2022,Germany,true
Volkswagen,T-Cross,2018,-,Germany,true
Volkswagen,T-Roc,2017,-,Germany,true
Volkswagen,Taigo,2021,-,Germany,true
Volkswagen,Taos,2020,-,Germany,true
Volkswagen,Tayron,2019,-,Germany,true
Volkswagen,Teramont,2017,-,Germany,true
Volkswagen, Teramont X ,2019,-,Germany,true
Volkswagen,Tiguan,2007,-,Germany,true
Volkswagen, Tiguan X ,2020,-,Germany,true
Volkswagen,Touareg,2002,-,Germany,true
Volkswagen,Touran,2003,-,Germany,true
Volkswagen,Transporter,1990,-,Germany,true
Volkswagen,Up,2011,-,Germany,true
Volvo,C30,2007,2013,Sweden,false
Volvo,C40,2021,-,Sweden,false
Volvo,C70,2006,2013,Sweden,false
Volvo, C70 Convertible ,1997,2006,Sweden,false
Volvo, C70 Coupe ,1996,2007,Sweden,false
Volvo,EC40,2024,-,Sweden,false
Volvo,EX30,2023,-,Sweden,false
Volvo,EX90,2023,-,Sweden,false
Volvo,S40,1995,2012,Sweden,false
Volvo,S60,2000,-,Sweden,false
Volvo,S70,1996,2000,Sweden,false
Volvo,S80,1998,2016,Sweden,false
Volvo,S90,1997,-,Sweden,false
Volvo,V40,1995,2021,Sweden,false
Volvo,V50,2004,2012,Sweden,false
Volvo,V60,2011,-,Sweden,false
Volvo,V70,1996,2016,Sweden,false
Volvo,V90,1996,-,Sweden,false
Volvo,XC40,2017,-,Sweden,false
Volvo,XC60,2008,-,Sweden,false
Volvo,XC70,2001,2016,Sweden,false
Volvo,XC90,2002,-,Sweden,false
Voyah,Dream,2021,-,China,false
Voyah,Free,2021,-,China,false
Voyah,Passion,2023,-,China,false
Wiesmann,Thunderball,2022,-,Other,false
Zeekr,001,2021,-,China,false
Zeekr,009,2022,-,China,false
Zeekr,X,2023,-,China,false
